# WaveFront *.obj file (generated by Autodesk ATF)

mtllib Osprey_Bicoptere_wing.mtl

g Corps2

v -0.978043 1.137292 1.500000
v -1.198901 0.901463 1.500000
v -1.364134 0.623810 1.500000
v -1.466075 0.317213 1.500000
v -1.499994 -0.004102 1.500000
v -1.464318 -0.325226 1.500000
v -1.360702 -0.631260 1.500000
v -1.193953 -0.908006 1.500000
v -0.971809 -1.142623 1.500000
v -1.353856 -1.044468 2.375000
v -1.544880 -0.995390 2.812500
v -1.735904 -0.946312 3.250000
v -1.926928 -0.897234 3.687500
v -2.117952 -0.848156 4.125000
v -2.308976 -0.799078 4.562500
v -2.500000 -0.750000 5.000000
v -2.500000 0.000000 5.000000
v -2.500000 0.750000 5.000000
v -2.309755 0.798411 4.562500
v -2.119511 0.846823 4.125000
v -1.929266 0.895234 3.687500
v -1.739021 0.943646 3.250000
v -1.548777 0.992057 2.812500
v -1.358532 1.040469 2.375000
v -1.247993 0.922910 1.718750
v -1.300380 -0.941731 1.937500
v -1.171850 -0.975996 1.609375
v -1.300496 -0.800959 1.609375
v -1.420885 -0.566005 1.609375
v -1.497824 -0.313186 1.609375
v -1.529779 -0.050612 1.609375
v -1.515939 0.213515 1.609375
v -1.455663 0.470912 1.609375
v -1.351033 0.713411 1.609375
v -1.206259 0.933856 1.609375
v -1.643129 -0.850359 2.812500
v -1.726126 -0.691987 2.812500
v -1.803797 -0.485233 2.812500
v -1.853435 -0.266953 2.812500
v -1.874051 -0.042379 2.812500
v -1.865122 0.183197 2.812500
v -1.826234 0.404430 2.812500
v -1.758731 0.616052 2.812500
v -1.665328 0.813446 2.812500
v -1.498394 0.857231 2.375000
v -1.610477 0.651456 2.375000
v -1.691481 0.428606 2.375000
v -1.738146 0.194222 2.375000
v -1.748862 -0.045373 2.375000
v -1.724122 -0.283765 2.375000
v -1.664556 -0.514604 2.375000
v -1.571352 -0.731613 2.375000
v -1.471755 -0.896045 2.375000
v -1.814503 -0.804673 3.250000
v -1.880901 -0.652361 3.250000
v -1.943037 -0.455861 3.250000
v -1.982748 -0.250141 3.250000
v -1.999241 -0.039385 3.250000
v -1.992097 0.172172 3.250000
v -1.960987 0.380255 3.250000
v -1.906985 0.580649 3.250000
v -1.832263 0.769660 3.250000
v -1.985877 -0.758986 3.687500
v -2.035676 -0.612734 3.687500
v -2.082278 -0.426489 3.687500
v -2.112061 -0.233328 3.687500
v -2.124431 -0.036391 3.687500
v -2.119073 0.161147 3.687500
v -2.095740 0.356080 3.687500
v -2.055239 0.545246 3.687500
v -1.999197 0.725875 3.687500
v -2.157252 -0.713300 4.125000
v -2.190451 -0.573108 4.125000
v -2.221519 -0.397117 4.125000
v -2.241374 -0.216516 4.125000
v -2.249621 -0.033397 4.125000
v -2.246049 0.150122 4.125000
v -2.230494 0.331905 4.125000
v -2.203492 0.509843 4.125000
v -2.166131 0.682089 4.125000
v -2.328626 -0.667614 4.562500
v -2.345225 -0.533482 4.562500
v -2.360759 -0.367745 4.562500
v -2.370687 -0.199704 4.562500
v -2.374810 -0.030404 4.562500
v -2.373024 0.139097 4.562500
v -2.365247 0.307729 4.562500
v -2.351746 0.474439 4.562500
v -2.333066 0.638304 4.562500
v -1.414927 0.879124 2.156250
v -1.536350 0.669157 2.156250
v -1.624104 0.440693 2.156250
v -1.674658 0.199734 2.156250
v -1.686267 -0.046870 2.156250
v -1.659465 -0.292171 2.156250
v -1.594936 -0.529290 2.156250
v -1.493964 -0.751426 2.156250
v -1.386067 -0.918888 2.156250
v -1.214693 -0.964574 1.718750
v -1.339189 -0.791053 1.718750
v -1.455695 -0.558662 1.718750
v -1.530152 -0.308983 1.718750
v -1.561077 -0.049864 1.718750
v -1.547683 0.210759 1.718750
v -1.489351 0.464869 1.718750
v -1.388097 0.704560 1.718750
v -1.331460 0.901017 1.937500
v -1.257537 -0.953153 1.828125
v -1.377883 -0.781146 1.828125
v -1.490505 -0.551319 1.828125
v -1.562480 -0.304780 1.828125
v -1.592374 -0.049115 1.828125
v -1.579427 0.208003 1.828125
v -1.523039 0.458825 1.828125
v -1.425160 0.695710 1.828125
v -1.289726 0.911963 1.828125
v -1.416577 -0.771239 1.937500
v -1.525315 -0.543976 1.937500
v -1.594809 -0.300577 1.937500
v -1.623672 -0.048367 1.937500
v -1.611171 0.205247 1.937500
v -1.556728 0.452781 1.937500
v -1.462223 0.686859 1.937500
v -0.542986 1.398273 1.500000
v -0.697570 1.327929 1.500000
v -0.843211 1.240562 1.500000
v -2.125000 0.750000 5.000000
v -1.750000 0.750000 5.000000
v -1.555886 0.724444 5.000000
v -1.375000 0.649519 5.000000
v -1.219670 0.530330 5.000000
v -1.100481 0.375000 5.000000
v -1.025556 0.194114 5.000000
v -1.000000 0.000000 5.000000
v -1.025556 -0.194114 5.000000
v -1.100481 -0.375000 5.000000
v -1.219670 -0.530330 5.000000
v -1.375000 -0.649519 5.000000
v -1.555886 -0.724444 5.000000
v -1.750000 -0.750000 5.000000
v -2.125000 -0.750000 5.000000
v -0.838352 -1.243851 1.500000
v -0.694441 -1.329568 1.500000
v -0.541871 -1.398705 1.500000
v -0.230030 -1.482257 1.500000
v 0.092467 -1.497147 1.500000
v 0.410680 -1.442686 1.500000
v 0.709870 -1.321395 1.500000
v 0.976177 -1.138894 1.500000
v 1.197264 -0.903636 1.500000
v 1.362891 -0.626520 1.500000
v 1.465386 -0.320381 1.500000
v 1.500000 0.000598 1.500000
v 1.465130 0.321550 1.500000
v 1.362391 0.627606 1.500000
v 1.196543 0.904590 1.500000
v 0.975268 1.139672 1.500000
v 0.708816 1.321960 1.500000
v 0.409530 1.443013 1.500000
v 0.091273 1.497220 1.500000
v -0.231212 1.482073 1.500000
v -0.893012 -1.239737 1.718750
v -0.994645 1.205155 1.937500
v -0.846913 1.253922 1.609375
v -0.651041 1.355303 1.609375
v -0.446129 1.426052 1.609375
v -0.232986 1.466413 1.609375
v -0.016184 1.475834 1.609375
v 0.199707 1.454121 1.609375
v 0.448115 1.387959 1.609375
v 0.681343 1.279807 1.609375
v 0.891999 1.132530 1.609375
v 1.074015 0.950970 1.609375
v 1.222239 0.740928 1.609375
v 1.331577 0.508267 1.609375
v 1.398614 0.260039 1.609375
v 1.421842 0.003969 1.609375
v 1.400118 -0.252234 1.609375
v 1.334313 -0.500802 1.609375
v 1.226240 -0.734082 1.609375
v 1.079351 -0.945103 1.609375
v 0.898310 -1.127631 1.609375
v 0.688146 -1.275672 1.609375
v 0.455520 -1.385101 1.609375
v 0.207527 -1.452709 1.609375
v -0.012243 -1.475701 1.609375
v -0.233047 -1.466410 1.609375
v -0.446193 -1.426074 1.609375
v -0.651115 -1.355347 1.609375
v -0.843587 -1.256061 1.609375
v -1.388596 1.075111 2.812500
v -1.217330 1.140518 2.812500
v -1.041045 1.186163 2.812500
v -0.859449 1.212202 2.812500
v -0.675493 1.218280 2.812500
v -0.492125 1.204272 2.812500
v -0.279946 1.156454 2.812500
v -0.079548 1.071553 2.812500
v 0.102304 0.951870 2.812500
v 0.260014 0.801593 2.812500
v 0.388811 0.625831 2.812500
v 0.483975 0.429754 2.812500
v 0.542330 0.219676 2.812500
v 0.562471 0.002560 2.812500
v 0.543337 -0.214648 2.812500
v 0.485747 -0.424940 2.812500
v 0.391401 -0.621428 2.812500
v 0.263520 -0.797880 2.812500
v 0.106438 -0.948779 2.812500
v -0.075173 -1.068842 2.812500
v -0.275179 -1.154576 2.812500
v -0.487079 -1.203360 2.812500
v -0.673763 -1.218194 2.812500
v -0.861114 -1.212200 2.812500
v -1.042712 -1.186177 2.812500
v -1.219003 -1.140546 2.812500
v -1.387263 -1.076491 2.812500
v -1.189563 -1.141789 2.375000
v -1.012498 -1.218656 2.375000
v -0.825796 -1.273412 2.375000
v -0.632726 -1.304640 2.375000
v -0.433210 -1.311833 2.375000
v -0.234495 -1.294032 2.375000
v -0.009470 -1.238403 2.375000
v 0.202398 -1.144053 2.375000
v 0.394392 -1.013816 2.375000
v 0.560185 -0.851416 2.375000
v 0.694979 -0.662393 2.375000
v 0.794317 -0.452526 2.375000
v 0.854894 -0.228316 2.375000
v 0.874970 0.003072 2.375000
v 0.853706 0.234353 2.375000
v 0.792194 0.458304 2.375000
v 0.691876 0.667685 2.375000
v 0.556014 0.855912 2.375000
v 0.389466 1.017565 2.375000
v 0.197140 1.147281 2.375000
v -0.015196 1.240638 2.375000
v -0.240549 1.295126 2.375000
v -0.435744 1.311936 2.375000
v -0.631645 1.304642 2.375000
v -0.824712 1.273395 2.375000
v -1.011407 1.218622 2.375000
v -1.191620 1.140133 2.375000
v -1.585571 1.010089 3.250000
v -1.423253 1.062414 3.250000
v -1.257378 1.098930 3.250000
v -1.087254 1.119761 3.250000
v -0.915242 1.124624 3.250000
v -0.743700 1.113417 3.250000
v -0.544695 1.072271 3.250000
v -0.356236 0.995824 3.250000
v -0.184857 0.886175 3.250000
v -0.035987 0.747274 3.250000
v 0.085746 0.583978 3.250000
v 0.175756 0.401205 3.250000
v 0.230953 0.204999 3.250000
v 0.249973 0.002047 3.250000
v 0.231780 -0.200980 3.250000
v 0.177178 -0.397354 3.250000
v 0.087824 -0.580463 3.250000
v -0.033146 -0.744345 3.250000
v -0.181515 -0.883743 3.250000
v -0.352743 -0.993631 3.250000
v -0.540888 -1.070749 3.250000
v -0.739663 -1.112688 3.250000
v -0.914316 -1.124555 3.250000
v -1.089502 -1.119760 3.250000
v -1.259627 -1.098941 3.250000
v -1.425508 -1.062437 3.250000
v -1.584963 -1.011193 3.250000
v -1.979522 0.880044 4.125000
v -1.835100 0.906207 4.125000
v -1.690044 0.924465 4.125000
v -1.542864 0.934881 4.125000
v -1.394739 0.937312 4.125000
v -1.246850 0.931709 4.125000
v -1.074194 0.903904 4.125000
v -0.909612 0.844366 4.125000
v -0.759181 0.754785 4.125000
v -0.627987 0.638636 4.125000
v -0.520384 0.500272 4.125000
v -0.440683 0.344105 4.125000
v -0.391799 0.175644 4.125000
v -0.375025 0.001022 4.125000
v -0.391333 -0.173644 4.125000
v -0.439961 -0.342182 4.125000
v -0.519331 -0.498533 4.125000
v -0.626478 -0.637273 4.125000
v -0.757422 -0.753669 4.125000
v -0.907884 -0.843209 4.125000
v -1.072305 -0.903094 4.125000
v -1.244832 -0.931344 4.125000
v -1.395421 -0.937278 4.125000
v -1.546278 -0.934880 4.125000
v -1.693459 -0.924471 4.125000
v -1.838517 -0.906219 4.125000
v -1.980363 -0.880596 4.125000
v -2.176498 0.815022 4.562500
v -2.041023 0.828104 4.562500
v -1.906377 0.837233 4.562500
v -1.770668 0.842440 4.562500
v -1.634488 0.843656 4.562500
v -1.498425 0.840854 4.562500
v -1.338944 0.819720 4.562500
v -1.186300 0.768637 4.562500
v -1.046343 0.689091 4.562500
v -0.923988 0.584317 4.562500
v -0.823449 0.458418 4.562500
v -0.748902 0.315555 4.562500
v -0.703175 0.160966 4.562500
v -0.687523 0.000509 4.562500
v -0.702890 -0.159977 4.562500
v -0.748530 -0.314596 4.562500
v -0.822909 -0.457568 4.562500
v -0.923144 -0.583738 4.562500
v -1.045376 -0.688632 4.562500
v -1.185455 -0.767999 4.562500
v -1.338014 -0.819267 4.562500
v -1.497416 -0.840672 4.562500
v -1.635974 -0.843639 4.562500
v -1.774666 -0.842440 4.562500
v -1.910374 -0.837235 4.562500
v -2.045022 -0.828109 4.562500
v -2.178063 -0.815298 4.562500
v -2.274985 0.782511 4.781250
v -2.143985 0.789052 4.781250
v -2.014543 0.793616 4.781250
v -1.884571 0.796220 4.781250
v -1.754362 0.796828 4.781250
v -1.624212 0.795427 4.781250
v -1.471318 0.777628 4.781250
v -1.324644 0.730773 4.781250
v -1.189924 0.656243 4.781250
v -1.071988 0.557157 4.781250
v -0.974982 0.437492 4.781250
v -0.903011 0.301280 4.781250
v -0.858863 0.153628 4.781250
v -0.843773 0.000253 4.781250
v -0.858669 -0.153143 4.781250
v -0.902815 -0.300803 4.781250
v -0.974698 -0.437085 4.781250
v -1.071477 -0.556970 4.781250
v -1.189353 -0.656114 4.781250
v -1.324240 -0.730393 4.781250
v -1.470868 -0.777353 4.781250
v -1.623708 -0.795336 4.781250
v -1.756250 -0.796819 4.781250
v -1.888860 -0.796220 4.781250
v -2.018832 -0.793618 4.781250
v -2.148274 -0.789055 4.781250
v -2.276913 -0.782649 4.781250
v -1.090712 -1.174439 2.156250
v -0.909246 -1.257710 2.156250
v -0.717338 -1.317029 2.156250
v -0.518532 -1.350860 2.156250
v -0.312934 -1.358653 2.156250
v -0.108203 -1.339368 2.156250
v 0.123384 -1.280317 2.156250
v 0.341183 -1.181658 2.156250
v 0.538369 -1.046335 2.156250
v 0.708518 -0.878184 2.156250
v 0.846768 -0.682876 2.156250
v 0.948601 -0.466319 2.156250
v 1.010672 -0.235149 2.156250
v 1.031219 0.003329 2.156250
v 1.009394 0.241692 2.156250
v 0.946303 0.472579 2.156250
v 0.843408 0.688611 2.156250
v 0.704014 0.883071 2.156250
v 0.533047 1.050412 2.156250
v 0.335484 1.185146 2.156250
v 0.117178 1.282730 2.156250
v -0.114762 1.340553 2.156250
v -0.315870 1.358764 2.156250
v -0.517742 1.350862 2.156250
v -0.716546 1.317012 2.156250
v -0.908445 1.257673 2.156250
v -1.093133 1.172644 2.156250
v -0.896157 1.237666 1.718750
v -0.702522 1.335777 1.718750
v -0.500213 1.404244 1.718750
v -0.289938 1.443302 1.718750
v -0.076121 1.452420 1.718750
v 0.136813 1.431408 1.718750
v 0.381928 1.366913 1.718750
v 0.612171 1.260875 1.718750
v 0.820209 1.116107 1.718750
v 1.000015 0.937390 1.718750
v 1.146473 0.730464 1.718750
v 1.254522 0.501129 1.718750
v 1.320770 0.256369 1.718750
v 1.343718 0.003841 1.718750
v 1.322229 -0.248817 1.718750
v 1.257171 -0.493905 1.718750
v 1.150345 -0.723841 1.718750
v 1.005184 -0.931719 1.718750
v 0.826322 -1.111372 1.718750
v 0.618754 -1.256869 1.718750
v 0.389093 -1.364144 1.718750
v 0.144381 -1.430041 1.718750
v -0.072381 -1.452291 1.718750
v -0.290144 -1.443300 1.718750
v -0.500422 -1.404265 1.718750
v -0.702741 -1.335820 1.718750
v -0.991862 -1.207088 1.937500
v -0.945401 1.221411 1.828125
v -0.754003 1.316251 1.828125
v -0.554296 1.382436 1.828125
v -0.346889 1.420192 1.828125
v -0.136058 1.429006 1.828125
v 0.073919 1.408694 1.828125
v 0.315740 1.345867 1.828125
v 0.543000 1.241942 1.828125
v 0.748418 1.099683 1.828125
v 0.926015 0.923811 1.828125
v 1.070707 0.720001 1.828125
v 1.177468 0.493992 1.828125
v 1.242926 0.252700 1.828125
v 1.265593 0.003713 1.828125
v 1.244340 -0.245400 1.828125
v 1.180029 -0.487009 1.828125
v 1.074451 -0.713600 1.828125
v 0.931018 -0.918335 1.828125
v 0.754334 -1.095112 1.828125
v 0.549361 -1.238066 1.828125
v 0.322665 -1.343187 1.828125
v 0.081235 -1.407373 1.828125
v -0.132519 -1.428882 1.828125
v -0.347241 -1.420190 1.828125
v -0.554651 -1.382456 1.828125
v -0.754367 -1.316292 1.828125
v -0.942437 -1.223412 1.828125
v -0.805484 1.296725 1.937500
v -0.608379 1.360628 1.937500
v -0.403840 1.397082 1.937500
v -0.195995 1.405592 1.937500
v 0.011026 1.385980 1.937500
v 0.249553 1.324821 1.937500
v 0.473828 1.223010 1.937500
v 0.676628 1.083259 1.937500
v 0.852014 0.910231 1.937500
v 0.994941 0.709538 1.937500
v 1.100413 0.486854 1.937500
v 1.165082 0.249031 1.937500
v 1.187468 0.003585 1.937500
v 1.166450 -0.241983 1.937500
v 1.102886 -0.480112 1.937500
v 0.998557 -0.703358 1.937500
v 0.856851 -0.904951 1.937500
v 0.682345 -1.078853 1.937500
v 0.479968 -1.219263 1.937500
v 0.256238 -1.322231 1.937500
v 0.018089 -1.384704 1.937500
v -0.192657 -1.405472 1.937500
v -0.404338 -1.397080 1.937500
v -0.608880 -1.360647 1.937500
v -0.805994 -1.296765 1.937500
v -1.750000 -0.750000 6.500000
v -1.555886 -0.724444 6.500000
v -1.375000 -0.649519 6.500000
v -1.219670 -0.530330 6.500000
v -1.100481 -0.375000 6.500000
v -1.025556 -0.194114 6.500000
v -1.000000 0.000000 6.500000
v -1.025556 0.194114 6.500000
v -1.100481 0.375000 6.500000
v -1.219670 0.530330 6.500000
v -1.375000 0.649519 6.500000
v -1.555886 0.724444 6.500000
v -1.750000 0.750000 6.500000
v -2.500000 0.750000 6.500000
v -2.500000 0.000000 6.500000
v -2.500000 -0.750000 6.500000
v -2.500000 -0.750000 5.750000
v -2.500000 -0.724444 5.555886
v -2.500000 -0.649519 5.375000
v -2.500000 -0.530330 5.219670
v -2.500000 -0.375000 5.100481
v -2.500000 -0.194114 5.025556
v -2.500000 0.750000 5.750000
v -2.500000 0.724444 5.944114
v -2.500000 0.649519 6.125000
v -2.500000 0.530330 6.280330
v -2.500000 0.375000 6.399519
v -2.500000 0.194114 6.474445
v -2.500000 0.194114 5.025556
v -2.500000 0.375000 5.100481
v -2.500000 0.530330 5.219670
v -2.500000 0.649519 5.375000
v -2.500000 0.724444 5.555886
v -2.500000 -0.194114 6.474445
v -2.500000 -0.375000 6.399519
v -2.500000 -0.530330 6.280330
v -2.500000 -0.649519 6.125000
v -2.500000 -0.724444 5.944114
v -3.500000 0.000000 6.500000
v -3.500000 -0.194114 6.474445
v -3.500000 -0.375000 6.399519
v -3.500000 -0.530330 6.280330
v -3.500000 -0.649519 6.125000
v -3.500000 -0.724444 5.944114
v -3.500000 -0.750000 5.750000
v -3.500000 -0.724444 5.555886
v -3.500000 -0.649519 5.375000
v -3.500000 -0.530330 5.219670
v -3.500000 -0.375000 5.100481
v -3.500000 -0.194114 5.025556
v -3.500000 0.000000 5.000000
v -3.500000 0.194114 5.025556
v -3.500000 0.375000 5.100481
v -3.500000 0.530330 5.219670
v -3.500000 0.649519 5.375000
v -3.500000 0.724444 5.555886
v -3.500000 0.750000 5.750000
v -3.500000 0.724444 5.944114
v -3.500000 0.649519 6.125000
v -3.500000 0.530330 6.280330
v -3.500000 0.375000 6.399519
v -3.500000 0.194114 6.474445
v 0.000000 -1.500000 -0.000000
v -0.311868 -1.467221 -0.000000
v -0.610105 -1.370318 -0.000000
v -0.881678 -1.213525 -0.000000
v -1.114717 -1.003696 -0.000000
v -1.299038 -0.750000 -0.000000
v -1.426585 -0.463525 -0.000000
v -1.491783 -0.156793 -0.000000
v -1.491783 0.156793 -0.000000
v -1.426585 0.463525 -0.000000
v -1.299038 0.750000 -0.000000
v -1.114717 1.003696 -0.000000
v -0.881678 1.213525 -0.000000
v -0.610105 1.370318 -0.000000
v -0.311868 1.467221 -0.000000
v 0.000000 1.500000 -0.000000
v 0.311868 1.467221 -0.000000
v 0.610105 1.370318 -0.000000
v 0.881678 1.213525 -0.000000
v 1.114717 1.003696 -0.000000
v 1.299038 0.750000 -0.000000
v 1.426585 0.463525 -0.000000
v 1.491783 0.156793 -0.000000
v 1.491783 -0.156793 -0.000000
v 1.426585 -0.463525 -0.000000
v 1.299038 -0.750000 -0.000000
v 1.114717 -1.003696 -0.000000
v 0.881678 -1.213525 -0.000000
v 0.610105 -1.370318 -0.000000
v 0.311868 -1.467221 -0.000000
vt -1.789404 0.000119 0.000000
vt -1.833061 0.113752 0.000000
vt -2.045038 0.000000 0.000000
vt -1.833061 0.227504 0.000000
vt -1.833061 0.341256 0.000000
vt -1.621083 0.227504 0.000000
vt -1.621083 0.341256 0.000000
vt -1.409105 0.227504 0.000000
vt -1.409105 0.341256 0.000000
vt -1.197128 0.227504 0.000000
vt -1.197128 0.341256 0.000000
vt -0.985150 0.227504 0.000000
vt -0.985150 0.341256 0.000000
vt -0.773172 0.227504 0.000000
vt -0.773172 0.341256 0.000000
vt -0.561195 0.227504 0.000000
vt -0.561195 0.341256 0.000000
vt -0.349217 0.227504 0.000000
vt -0.349217 0.341256 0.000000
vt -0.174608 0.227504 0.000000
vt -0.174608 0.341256 0.000000
vt -0.000000 0.910015 0.000000
vt -0.174608 0.455007 0.000000
vt -0.174608 0.682511 0.000000
vt -0.349217 0.682511 0.000000
vt -0.349217 0.910015 0.000000
vt -0.561195 0.910015 0.000000
vt -0.561195 1.365022 0.000000
vt -0.773172 1.365022 0.000000
vt -0.773172 1.820029 0.000000
vt -0.985150 1.820029 0.000000
vt -0.985150 2.275037 0.000000
vt -1.197128 2.275037 0.000000
vt -1.197128 2.730044 0.000000
vt -1.409105 2.730044 0.000000
vt -1.409105 3.185052 0.000000
vt -1.621083 3.185052 0.000000
vt -1.022519 3.640059 0.000000
vt -2.045038 3.640059 0.000000
vt -1.621083 0.113752 0.000000
vt -1.533831 0.000122 0.000000
vt -1.409105 0.113752 0.000000
vt -1.278148 0.000001 0.000000
vt -1.197128 0.113752 0.000000
vt -1.022485 0.000158 0.000000
vt -0.985150 0.113752 0.000000
vt -0.766917 0.000139 0.000000
vt -0.773172 0.113752 0.000000
vt -0.561195 0.113752 0.000000
vt -0.511259 0.000000 0.000000
vt -0.349217 0.113752 0.000000
vt -0.255622 0.000035 0.000000
vt -0.174608 0.113752 0.000000
vt -0.000000 0.000000 0.000000
vt -0.000000 1.365022 0.000000
vt -0.174608 1.365022 0.000000
vt -0.174608 0.910015 0.000000
vt -0.174608 1.820029 0.000000
vt -0.000000 1.820029 0.000000
vt -0.174608 2.275037 0.000000
vt -0.000000 2.275037 0.000000
vt -0.174608 2.730044 0.000000
vt -0.000000 2.730044 0.000000
vt -0.174608 3.185052 0.000000
vt -0.000000 3.185052 0.000000
vt -0.000000 3.640059 0.000000
vt -0.561195 3.185052 0.000000
vt -0.349217 3.185052 0.000000
vt -1.833061 3.185052 0.000000
vt -2.045038 3.185052 0.000000
vt -1.833061 2.730044 0.000000
vt -2.045038 2.730044 0.000000
vt -1.833061 2.275037 0.000000
vt -2.045038 2.275037 0.000000
vt -1.833061 1.820029 0.000000
vt -2.045038 1.820029 0.000000
vt -1.833061 1.365022 0.000000
vt -2.045038 1.365022 0.000000
vt -1.833061 0.910015 0.000000
vt -2.045038 0.910015 0.000000
vt -1.833061 0.682511 0.000000
vt -1.833061 0.455007 0.000000
vt -1.621083 0.455007 0.000000
vt -0.349217 1.365022 0.000000
vt -0.349217 1.820029 0.000000
vt -0.349217 2.275037 0.000000
vt -0.349217 2.730044 0.000000
vt -0.561195 1.820029 0.000000
vt -0.773172 2.275037 0.000000
vt -0.985150 2.730044 0.000000
vt -1.197128 3.185052 0.000000
vt -0.985150 1.365022 0.000000
vt -0.773172 0.910015 0.000000
vt -0.985150 0.910015 0.000000
vt -0.773172 0.682511 0.000000
vt -0.985150 0.682511 0.000000
vt -0.773172 0.455007 0.000000
vt -0.985150 0.455007 0.000000
vt -1.197128 1.365022 0.000000
vt -1.197128 0.910015 0.000000
vt -1.197128 0.682511 0.000000
vt -1.197128 0.455007 0.000000
vt -1.197128 1.820029 0.000000
vt -1.409105 1.820029 0.000000
vt -1.409105 1.365022 0.000000
vt -1.621083 1.820029 0.000000
vt -1.621083 1.365022 0.000000
vt -1.409105 0.910015 0.000000
vt -1.409105 0.682511 0.000000
vt -1.409105 0.455007 0.000000
vt -1.621083 0.910015 0.000000
vt -1.621083 0.682511 0.000000
vt -0.561195 0.682511 0.000000
vt -0.349217 0.455007 0.000000
vt -0.561195 2.275037 0.000000
vt -0.561195 2.730044 0.000000
vt -1.409105 2.275037 0.000000
vt -1.621083 2.275037 0.000000
vt -0.773172 2.730044 0.000000
vt -0.985150 3.185052 0.000000
vt -1.621083 2.730044 0.000000
vt -0.773172 3.185052 0.000000
vt -0.561195 0.455007 0.000000
vt -0.265801 0.000013 0.000000
vt -0.350790 0.134411 0.000000
vt -0.398690 0.000000 0.000000
vt -0.523011 0.134411 0.000000
vt -0.651683 0.000000 0.000000
vt -0.695231 0.134411 0.000000
vt -0.904653 0.000000 0.000000
vt -0.867452 0.134411 0.000000
vt -1.039672 0.134411 0.000000
vt -1.039672 0.268823 0.000000
vt -1.243811 0.268823 0.000000
vt -1.243811 0.403234 0.000000
vt -1.447950 0.403234 0.000000
vt -1.447950 0.537645 0.000000
vt -1.652090 0.537645 0.000000
vt -1.652090 0.806468 0.000000
vt -1.856229 0.806468 0.000000
vt -1.856229 1.075290 0.000000
vt -2.060368 1.075290 0.000000
vt -2.060368 1.612936 0.000000
vt -2.264507 1.612936 0.000000
vt -2.264507 2.150581 0.000000
vt -2.468646 2.150581 0.000000
vt -2.468646 3.225871 0.000000
vt -2.672785 3.225871 0.000000
vt -2.672785 3.763516 0.000000
vt -2.876924 3.763516 0.000000
vt -2.876924 4.032339 0.000000
vt -3.081064 4.032339 0.000000
vt -2.944974 4.301136 0.000000
vt -3.217175 4.301136 0.000000
vt -0.175395 0.134411 0.000000
vt -0.132909 0.000015 0.000000
vt -0.000000 0.000000 0.000000
vt -0.000000 1.075290 0.000000
vt -0.175395 0.268823 0.000000
vt -0.350790 0.268823 0.000000
vt -0.350790 0.403234 0.000000
vt -0.523011 0.403234 0.000000
vt -0.523011 0.537645 0.000000
vt -0.695231 0.537645 0.000000
vt -0.695231 0.806468 0.000000
vt -0.867452 0.806468 0.000000
vt -0.867452 1.075290 0.000000
vt -1.039672 1.075290 0.000000
vt -1.039672 1.612936 0.000000
vt -1.243811 1.612936 0.000000
vt -1.243811 2.150581 0.000000
vt -1.447950 2.150581 0.000000
vt -1.447950 3.225871 0.000000
vt -1.652090 3.225871 0.000000
vt -1.652090 3.763516 0.000000
vt -1.856229 3.763516 0.000000
vt -1.856229 4.032339 0.000000
vt -2.060368 4.032339 0.000000
vt -1.856108 4.300919 0.000000
vt -2.128392 4.301136 0.000000
vt -0.000000 1.612936 0.000000
vt -0.175395 1.612936 0.000000
vt -0.175395 1.075290 0.000000
vt -0.175395 0.806468 0.000000
vt -0.350790 1.075290 0.000000
vt -0.350790 0.806468 0.000000
vt -0.523011 1.075290 0.000000
vt -0.523011 0.806468 0.000000
vt -0.695231 1.075290 0.000000
vt -0.175395 2.150581 0.000000
vt -0.000000 2.150581 0.000000
vt -0.000000 2.688226 0.000000
vt -0.175395 3.225871 0.000000
vt -0.000000 3.225871 0.000000
vt -0.175395 3.763516 0.000000
vt -0.000000 3.763516 0.000000
vt -0.175395 4.032339 0.000000
vt -0.000000 4.301161 0.000000
vt -0.519836 4.301161 0.000000
vt -1.039672 4.301161 0.000000
vt -0.695231 4.032339 0.000000
vt -0.523011 4.032339 0.000000
vt -0.350790 4.032339 0.000000
vt -0.350790 3.763516 0.000000
vt -1.311844 4.301145 0.000000
vt -1.243811 4.032339 0.000000
vt -1.039672 4.032339 0.000000
vt -0.867452 4.032339 0.000000
vt -0.867452 3.763516 0.000000
vt -0.695231 3.763516 0.000000
vt -0.695231 3.225871 0.000000
vt -0.523011 3.225871 0.000000
vt -0.523011 2.150581 0.000000
vt -0.350790 2.150581 0.000000
vt -0.350790 1.612936 0.000000
vt -1.447950 4.032339 0.000000
vt -1.584044 4.301096 0.000000
vt -1.652090 4.032339 0.000000
vt -2.264507 4.032339 0.000000
vt -2.400596 4.301087 0.000000
vt -2.468646 4.032339 0.000000
vt -2.672780 4.301149 0.000000
vt -2.672785 4.032339 0.000000
vt -3.285203 4.032339 0.000000
vt -3.489375 4.301062 0.000000
vt -3.489342 4.032339 0.000000
vt -3.693481 4.032339 0.000000
vt -3.489342 3.763516 0.000000
vt -3.693481 3.763516 0.000000
vt -3.489342 3.225871 0.000000
vt -3.693481 3.225871 0.000000
vt -3.489342 2.150581 0.000000
vt -3.693481 2.150581 0.000000
vt -3.489342 1.612936 0.000000
vt -3.693481 1.612936 0.000000
vt -3.489342 1.075290 0.000000
vt -3.693481 1.075290 0.000000
vt -3.489342 0.806468 0.000000
vt -3.693481 0.806468 0.000000
vt -3.489342 0.537645 0.000000
vt -3.693481 0.537645 0.000000
vt -3.489342 0.403234 0.000000
vt -3.693481 0.403234 0.000000
vt -3.489342 0.268823 0.000000
vt -3.693481 0.268823 0.000000
vt -3.489342 0.134411 0.000000
vt -3.693481 0.134411 0.000000
vt -3.687447 0.000000 0.000000
vt -3.897620 0.134411 0.000000
vt -3.940438 0.000000 0.000000
vt -4.101759 0.134411 0.000000
vt -4.193403 0.000000 0.000000
vt -4.305898 0.134411 0.000000
vt -4.446399 0.000000 0.000000
vt -4.481294 0.134411 0.000000
vt -4.656689 0.134411 0.000000
vt -4.656689 0.268823 0.000000
vt -4.828909 0.268823 0.000000
vt -4.828909 0.403234 0.000000
vt -5.001130 0.403234 0.000000
vt -5.001130 0.537645 0.000000
vt -5.173350 0.537645 0.000000
vt -5.173350 0.806468 0.000000
vt -5.345571 1.075290 0.000000
vt -5.173350 1.075290 0.000000
vt -5.345571 1.612936 0.000000
vt -5.173350 1.612936 0.000000
vt -5.345571 2.150581 0.000000
vt -5.173350 2.150581 0.000000
vt -5.345571 2.688226 0.000000
vt -5.173350 3.225871 0.000000
vt -5.345571 3.225871 0.000000
vt -5.345571 3.763516 0.000000
vt -5.173350 3.763516 0.000000
vt -5.173350 4.032339 0.000000
vt -5.001130 3.763516 0.000000
vt -5.001130 4.032339 0.000000
vt -4.828909 3.763516 0.000000
vt -4.828909 4.032339 0.000000
vt -4.656689 3.763516 0.000000
vt -4.656689 4.032339 0.000000
vt -4.481294 3.763516 0.000000
vt -4.481294 4.032339 0.000000
vt -4.305898 3.763516 0.000000
vt -4.305898 4.032339 0.000000
vt -4.101759 3.763516 0.000000
vt -4.101759 4.032339 0.000000
vt -3.897620 3.763516 0.000000
vt -3.897620 4.032339 0.000000
vt -3.761532 4.301157 0.000000
vt -4.033752 4.301093 0.000000
vt -4.305898 4.301161 0.000000
vt -4.825734 4.301161 0.000000
vt -5.345571 4.301161 0.000000
vt -5.345571 0.000000 0.000000
vt -5.173350 0.403234 0.000000
vt -5.001130 0.268823 0.000000
vt -4.828909 0.134411 0.000000
vt -4.699367 0.000000 0.000000
vt -5.214489 0.000013 0.000000
vt -5.173350 0.134411 0.000000
vt -5.173350 0.268823 0.000000
vt -5.083423 0.000012 0.000000
vt -5.001130 0.134411 0.000000
vt -4.952360 0.000000 0.000000
vt -3.434468 0.000000 0.000000
vt -3.285203 0.134411 0.000000
vt -3.285203 0.268823 0.000000
vt -3.285203 0.403234 0.000000
vt -3.285203 0.537645 0.000000
vt -3.285203 0.806468 0.000000
vt -3.285203 1.075290 0.000000
vt -3.285203 1.612936 0.000000
vt -3.285203 2.150581 0.000000
vt -3.285203 3.225871 0.000000
vt -3.285203 3.763516 0.000000
vt -3.181490 0.000000 0.000000
vt -3.081064 0.134411 0.000000
vt -3.081064 0.268823 0.000000
vt -3.081064 0.403234 0.000000
vt -3.081064 0.537645 0.000000
vt -3.081064 0.806468 0.000000
vt -3.081064 1.075290 0.000000
vt -3.081064 1.612936 0.000000
vt -3.081064 2.150581 0.000000
vt -3.081064 3.225871 0.000000
vt -3.081064 3.763516 0.000000
vt -2.928507 0.000000 0.000000
vt -2.876924 0.134411 0.000000
vt -2.876924 0.268823 0.000000
vt -2.876924 0.403234 0.000000
vt -2.876924 0.537645 0.000000
vt -2.876924 0.806468 0.000000
vt -2.876924 1.075290 0.000000
vt -2.876924 1.612936 0.000000
vt -2.876924 2.150581 0.000000
vt -2.876924 3.225871 0.000000
vt -2.675523 0.000000 0.000000
vt -2.672785 0.134411 0.000000
vt -2.672785 0.268823 0.000000
vt -2.672785 0.403234 0.000000
vt -2.672785 0.537645 0.000000
vt -2.672785 0.806468 0.000000
vt -2.672785 1.075290 0.000000
vt -2.672785 1.612936 0.000000
vt -2.672785 2.150581 0.000000
vt -2.468646 0.134411 0.000000
vt -2.422548 0.000000 0.000000
vt -2.264507 0.134411 0.000000
vt -2.169562 0.000000 0.000000
vt -2.060368 0.134411 0.000000
vt -1.916559 0.000000 0.000000
vt -1.856229 0.134411 0.000000
vt -1.663633 0.000000 0.000000
vt -1.652090 0.134411 0.000000
vt -1.447950 0.134411 0.000000
vt -1.652090 0.268823 0.000000
vt -1.447950 0.268823 0.000000
vt -1.652090 0.403234 0.000000
vt -1.410619 0.000000 0.000000
vt -1.243811 0.134411 0.000000
vt -1.157642 0.000000 0.000000
vt -0.175395 0.537645 0.000000
vt -0.350790 0.537645 0.000000
vt -0.523011 0.268823 0.000000
vt -0.695231 0.268823 0.000000
vt -0.867452 0.268823 0.000000
vt -1.856229 0.268823 0.000000
vt -1.856229 0.403234 0.000000
vt -1.856229 0.537645 0.000000
vt -2.060368 0.268823 0.000000
vt -2.060368 0.403234 0.000000
vt -2.060368 0.537645 0.000000
vt -2.060368 0.806468 0.000000
vt -2.264507 0.268823 0.000000
vt -2.264507 0.403234 0.000000
vt -2.264507 0.537645 0.000000
vt -2.264507 0.806468 0.000000
vt -2.264507 1.075290 0.000000
vt -2.468646 0.268823 0.000000
vt -2.468646 0.403234 0.000000
vt -2.468646 0.537645 0.000000
vt -2.468646 0.806468 0.000000
vt -2.468646 1.075290 0.000000
vt -2.468646 1.612936 0.000000
vt -3.897620 0.268823 0.000000
vt -3.897620 0.403234 0.000000
vt -3.897620 0.537645 0.000000
vt -3.897620 0.806468 0.000000
vt -3.897620 1.075290 0.000000
vt -3.897620 1.612936 0.000000
vt -3.897620 2.150581 0.000000
vt -3.897620 3.225871 0.000000
vt -4.101759 0.268823 0.000000
vt -4.101759 0.403234 0.000000
vt -4.101759 0.537645 0.000000
vt -4.101759 0.806468 0.000000
vt -4.101759 1.075290 0.000000
vt -4.101759 1.612936 0.000000
vt -4.101759 2.150581 0.000000
vt -4.101759 3.225871 0.000000
vt -4.305898 0.268823 0.000000
vt -4.305898 0.403234 0.000000
vt -4.305898 0.537645 0.000000
vt -4.305898 0.806468 0.000000
vt -4.305898 1.075290 0.000000
vt -4.305898 1.612936 0.000000
vt -4.305898 2.150581 0.000000
vt -4.305898 3.225871 0.000000
vt -4.481294 0.268823 0.000000
vt -4.481294 0.403234 0.000000
vt -4.481294 0.537645 0.000000
vt -4.481294 0.806468 0.000000
vt -4.481294 1.075290 0.000000
vt -4.481294 1.612936 0.000000
vt -4.481294 2.150581 0.000000
vt -4.481294 3.225871 0.000000
vt -0.523011 1.612936 0.000000
vt -0.695231 1.612936 0.000000
vt -0.695231 2.150581 0.000000
vt -0.867452 1.612936 0.000000
vt -0.867452 2.150581 0.000000
vt -0.867452 3.225871 0.000000
vt -1.039672 2.150581 0.000000
vt -1.243811 3.225871 0.000000
vt -1.447950 3.763516 0.000000
vt -1.447950 1.612936 0.000000
vt -1.243811 1.075290 0.000000
vt -1.447950 1.075290 0.000000
vt -1.243811 0.806468 0.000000
vt -1.447950 0.806468 0.000000
vt -1.243811 0.537645 0.000000
vt -1.652090 1.612936 0.000000
vt -1.652090 1.075290 0.000000
vt -1.652090 2.150581 0.000000
vt -1.856229 2.150581 0.000000
vt -1.856229 1.612936 0.000000
vt -2.060368 2.150581 0.000000
vt -4.656689 1.612936 0.000000
vt -4.656689 1.075290 0.000000
vt -4.656689 0.806468 0.000000
vt -4.656689 0.537645 0.000000
vt -4.656689 0.403234 0.000000
vt -4.828909 1.612936 0.000000
vt -4.828909 1.075290 0.000000
vt -4.828909 0.806468 0.000000
vt -4.828909 0.537645 0.000000
vt -4.656689 2.150581 0.000000
vt -4.656689 3.225871 0.000000
vt -5.001130 1.612936 0.000000
vt -5.001130 1.075290 0.000000
vt -5.001130 0.806468 0.000000
vt -4.828909 2.150581 0.000000
vt -4.828909 3.225871 0.000000
vt -5.001130 2.150581 0.000000
vt -5.001130 3.225871 0.000000
vt -1.039672 0.806468 0.000000
vt -0.867452 0.537645 0.000000
vt -0.695231 0.403234 0.000000
vt -0.350790 3.225871 0.000000
vt -1.039672 3.225871 0.000000
vt -1.039672 3.763516 0.000000
vt -1.856229 3.225871 0.000000
vt -2.060368 3.225871 0.000000
vt -2.264507 3.225871 0.000000
vt -0.523011 3.763516 0.000000
vt -1.243811 3.763516 0.000000
vt -2.060368 3.763516 0.000000
vt -2.264507 3.763516 0.000000
vt -2.468646 3.763516 0.000000
vt -1.039672 0.537645 0.000000
vt -1.039672 0.403234 0.000000
vt -0.175395 0.403234 0.000000
vt -0.867452 0.403234 0.000000
vt 0.750000 0.750000 0.000000
vt 0.000000 0.750000 0.000000
vt 0.750000 0.000000 0.000000
vt -0.194114 0.724444 0.000000
vt -0.375000 0.649519 0.000000
vt -0.530330 0.530330 0.000000
vt -0.649519 0.375000 0.000000
vt -0.724444 0.194114 0.000000
vt -0.750000 -0.000000 0.000000
vt -0.724444 -0.194114 0.000000
vt -0.649519 -0.375000 0.000000
vt -0.530330 -0.530330 0.000000
vt -0.375000 -0.649519 0.000000
vt -0.194114 -0.724444 0.000000
vt 0.000000 -0.750000 0.000000
vt 0.750000 -0.750000 0.000000
vt 0.750000 0.750000 0.000000
vt 0.724444 0.555886 0.000000
vt 0.750000 0.000000 0.000000
vt 0.649519 0.375000 0.000000
vt 0.530330 0.219670 0.000000
vt 0.375000 0.100481 0.000000
vt 0.194114 0.025556 0.000000
vt 0.000000 0.000000 0.000000
vt 0.000000 0.750000 0.000000
vt 0.025556 0.944114 0.000000
vt 0.000000 1.500000 0.000000
vt 0.100481 1.125000 0.000000
vt 0.219670 1.280330 0.000000
vt 0.375000 1.399519 0.000000
vt 0.555886 1.474444 0.000000
vt 0.750000 1.500000 0.000000
vt 0.750000 0.000000 0.000000
vt 0.555886 0.025556 0.000000
vt 0.000000 0.000000 0.000000
vt 0.375000 0.100481 0.000000
vt 0.219670 0.219670 0.000000
vt 0.100481 0.375000 0.000000
vt 0.025556 0.555886 0.000000
vt 0.000000 0.750000 0.000000
vt 0.000000 0.000000 0.000000
vt 0.375000 0.000000 0.000000
vt -0.000000 1.500000 0.000000
vt 0.750000 0.750000 0.000000
vt 0.750000 1.500000 0.000000
vt 0.750000 0.000000 0.000000
vt 0.000000 0.000000 0.000000
vt 0.375000 -0.000000 0.000000
vt 0.000000 0.750000 0.000000
vt 0.750000 1.500000 0.000000
vt 0.000000 1.500000 0.000000
vt 0.750000 -0.000000 0.000000
vt 0.000000 1.500000 0.000000
vt 0.194114 1.474444 0.000000
vt 0.750000 1.500000 0.000000
vt 0.375000 1.399519 0.000000
vt 0.530330 1.280330 0.000000
vt 0.649519 1.125000 0.000000
vt 0.724444 0.944114 0.000000
vt 0.750000 0.750000 0.000000
vt -0.000000 -1.178097 0.000000
vt -1.500000 -1.178097 0.000000
vt -0.000000 -1.374447 0.000000
vt -1.500000 -1.374447 0.000000
vt -0.000000 -1.570796 0.000000
vt -1.500000 -1.570796 0.000000
vt -0.000000 -1.767146 0.000000
vt -1.500000 -1.767146 0.000000
vt -0.000000 -1.963495 0.000000
vt -1.500000 -1.963495 0.000000
vt -0.000000 -2.159845 0.000000
vt -1.500000 -2.159845 0.000000
vt -0.000000 -2.356194 0.000000
vt -1.500000 -2.356194 0.000000
vt -0.000000 -2.552544 0.000000
vt -1.500000 -2.552544 0.000000
vt -0.000000 -2.748894 0.000000
vt -1.500000 -2.748894 0.000000
vt -0.000000 -2.945243 0.000000
vt -1.500000 -2.945243 0.000000
vt -0.000000 -3.141593 0.000000
vt -1.500000 -3.141593 0.000000
vt -0.000000 -3.337942 0.000000
vt -1.500000 -3.337942 0.000000
vt -0.000000 -3.534292 0.000000
vt -1.500000 -3.534292 0.000000
vt -1.000000 2.159845 0.000000
vt 0.000000 2.159845 0.000000
vt -1.000000 2.356194 0.000000
vt -0.000000 2.356194 0.000000
vt -1.000000 -2.356194 0.000000
vt -0.000000 -2.356194 0.000000
vt -1.000000 -2.159845 0.000000
vt 0.000000 -2.159845 0.000000
vt -1.000000 -1.963495 0.000000
vt 0.000000 -1.963495 0.000000
vt -1.000000 -1.767146 0.000000
vt 0.000000 -1.767146 0.000000
vt -1.000000 -1.570796 0.000000
vt 0.000000 -1.570796 0.000000
vt -1.000000 -1.374447 0.000000
vt 0.000000 -1.374447 0.000000
vt -1.000000 -1.178097 0.000000
vt -0.000000 -1.178097 0.000000
vt -1.000000 -0.981748 0.000000
vt -0.000000 -0.981748 0.000000
vt -1.000000 -0.785398 0.000000
vt -0.000000 -0.785398 0.000000
vt -1.000000 -0.589049 0.000000
vt -0.000000 -0.589049 0.000000
vt -1.000000 -0.392699 0.000000
vt -0.000000 -0.392699 0.000000
vt -1.000000 -0.196350 0.000000
vt -0.000000 -0.196350 0.000000
vt -1.000000 0.000000 0.000000
vt -0.000000 0.000000 0.000000
vt -1.000000 0.196350 0.000000
vt -0.000000 0.196350 0.000000
vt -1.000000 0.392699 0.000000
vt -0.000000 0.392699 0.000000
vt -1.000000 0.589049 0.000000
vt -0.000000 0.589049 0.000000
vt -1.000000 0.785398 0.000000
vt -0.000000 0.785398 0.000000
vt -1.000000 0.981748 0.000000
vt -0.000000 0.981748 0.000000
vt -1.000000 1.178097 0.000000
vt -0.000000 1.178097 0.000000
vt -1.000000 1.374447 0.000000
vt 0.000000 1.374447 0.000000
vt -1.000000 1.570796 0.000000
vt 0.000000 1.570796 0.000000
vt -1.000000 1.767146 0.000000
vt 0.000000 1.767146 0.000000
vt -1.000000 1.963495 0.000000
vt 0.000000 1.963495 0.000000
vt -0.724444 -0.194114 0.000000
vt 0.724444 -0.194114 0.000000
vt -0.750000 -0.000000 0.000000
vt 0.750000 0.000000 0.000000
vt -0.724444 0.194114 0.000000
vt 0.724444 0.194114 0.000000
vt -0.649519 0.375000 0.000000
vt 0.649519 0.375000 0.000000
vt -0.530330 0.530330 0.000000
vt 0.530330 0.530330 0.000000
vt -0.375000 0.649519 0.000000
vt 0.375000 0.649519 0.000000
vt -0.194114 0.724444 0.000000
vt 0.194114 0.724444 0.000000
vt 0.000000 0.750000 0.000000
vt 0.649519 -0.375000 0.000000
vt -0.649519 -0.375000 0.000000
vt 0.530330 -0.530330 0.000000
vt -0.530330 -0.530330 0.000000
vt 0.375000 -0.649519 0.000000
vt -0.375000 -0.649519 0.000000
vt 0.194114 -0.724444 0.000000
vt -0.194114 -0.724444 0.000000
vt 0.000000 -0.750000 0.000000
vt -0.000000 -1.500000 0.000000
vt 0.311868 -1.467221 0.000000
vt -0.311868 -1.467221 0.000000
vt -0.610105 -1.370318 0.000000
vt 0.610105 -1.370318 0.000000
vt -0.881678 -1.213525 0.000000
vt 0.881678 -1.213525 0.000000
vt -1.114717 -1.003696 0.000000
vt -1.299038 -0.750000 0.000000
vt -1.426585 -0.463525 0.000000
vt -1.491783 -0.156793 0.000000
vt -1.491783 0.156793 0.000000
vt -1.426585 0.463525 0.000000
vt -1.299038 0.750000 0.000000
vt -1.114717 1.003696 0.000000
vt -0.881678 1.213525 0.000000
vt -0.610105 1.370318 0.000000
vt -0.311868 1.467221 0.000000
vt -0.000000 1.500000 0.000000
vt 0.311868 1.467221 0.000000
vt 0.610105 1.370318 0.000000
vt 0.881678 1.213525 0.000000
vt 1.114717 -1.003696 0.000000
vt 1.114717 1.003696 0.000000
vt 1.299038 -0.750000 0.000000
vt 1.299038 0.750000 0.000000
vt 1.426585 -0.463525 0.000000
vt 1.426585 0.463525 0.000000
vt 1.491783 -0.156793 0.000000
vt 1.491783 0.156793 0.000000
vt -1.500000 0.232137 0.000000
vt 0.000000 0.314159 0.000000
vt -1.500000 0.555604 0.000000
vt 0.000000 0.628319 0.000000
vt -1.500000 0.725531 0.000000
vt 0.000000 0.942478 0.000000
vt -1.500000 0.895458 0.000000
vt -1.500000 1.065385 0.000000
vt -0.000000 1.256637 0.000000
vt -1.500000 1.389113 0.000000
vt 0.000000 1.570796 0.000000
vt -1.500000 1.712841 0.000000
vt 0.000000 1.884956 0.000000
vt -1.500000 2.036568 0.000000
vt -0.000000 2.199115 0.000000
vt -1.500000 2.360296 0.000000
vt -0.000000 2.513274 0.000000
vt -1.500000 2.684024 0.000000
vt 0.000000 2.827433 0.000000
vt -1.500000 3.007752 0.000000
vt 0.000000 3.141593 0.000000
vt -1.500000 3.331479 0.000000
vt -0.000000 3.455752 0.000000
vt -1.500000 3.655207 0.000000
vt 0.000000 3.769911 0.000000
vt -1.500000 3.822798 0.000000
vt -1.500000 3.990390 0.000000
vt 0.000000 4.084070 0.000000
vt -1.500000 4.157981 0.000000
vt 0.000000 4.398230 0.000000
vt -1.500000 4.481448 0.000000
vt -0.000000 4.712389 0.000000
vt -1.500000 4.804914 0.000000
vt -1.500000 -4.619863 0.000000
vt -0.000000 -4.712389 0.000000
vt 0.000000 -4.398230 0.000000
vt -1.500000 -4.296397 0.000000
vt 0.000000 -4.084070 0.000000
vt -1.500000 -3.972930 0.000000
vt -0.000000 -3.769911 0.000000
vt -1.500000 -3.649463 0.000000
vt 0.000000 -3.455752 0.000000
vt -1.500000 -3.325997 0.000000
vt 0.000000 -3.141593 0.000000
vt -1.500000 -3.002530 0.000000
vt -0.000000 -2.827433 0.000000
vt -1.500000 -2.679063 0.000000
vt 0.000000 -2.513274 0.000000
vt -1.500000 -2.355597 0.000000
vt 0.000000 -2.199115 0.000000
vt -1.500000 -2.032130 0.000000
vt -0.000000 -1.884956 0.000000
vt -1.500000 -1.708663 0.000000
vt -0.000000 -1.570796 0.000000
vt -1.500000 -1.385196 0.000000
vt 0.000000 -1.256637 0.000000
vt -1.500000 -1.061730 0.000000
vt -0.000000 -0.942478 0.000000
vt -1.500000 -0.738263 0.000000
vt 0.000000 -0.628319 0.000000
vt -1.500000 -0.414796 0.000000
vt -0.000000 -0.314159 0.000000
vt -1.500000 -0.091330 0.000000
vt -0.000000 0.000000 0.000000
vn -0.778170 0.583262 -0.232932
vn -0.763724 0.602765 -0.231084
vn -0.639412 0.743523 -0.195770
vn -0.770238 0.593063 -0.234541
vn -0.776853 0.582940 -0.238078
vn -0.855672 0.451211 -0.253445
vn -0.859437 0.442879 -0.255395
vn -0.916960 0.297371 -0.265998
vn -0.918577 0.291593 -0.266815
vn -0.952864 0.131905 -0.273226
vn -0.953179 0.129269 -0.273384
vn -0.960958 -0.032730 -0.274752
vn -0.960977 -0.032073 -0.274762
vn -0.942641 -0.194712 -0.271137
vn -0.943329 -0.190853 -0.271488
vn -0.897336 -0.355365 -0.261732
vn -0.899650 -0.348569 -0.262925
vn -0.825564 -0.507835 -0.246064
vn -0.830360 -0.498706 -0.248587
vn -0.748775 -0.622257 -0.228325
vn -0.756086 -0.611868 -0.232274
vn -0.719300 -0.651567 -0.240974
vn -0.763511 -0.601003 -0.236317
vn -0.778678 -0.577744 -0.244687
vn -0.845066 -0.469135 -0.256468
vn -0.855088 -0.447427 -0.261980
vn -0.911466 -0.311062 -0.269204
vn -0.921050 -0.276157 -0.274598
vn -0.949631 -0.150426 -0.274904
vn -0.952378 -0.128409 -0.276562
vn -0.961230 -0.021527 -0.274907
vn -0.961301 -0.017297 -0.274956
vn -0.958498 0.069782 -0.276426
vn -0.959502 0.050073 -0.277215
vn -0.951287 0.113275 -0.286744
vn -0.954857 0.061032 -0.290730
vn -0.945293 0.092463 -0.312845
vn -0.961482 0.000000 -0.274869
vn -0.917049 0.000000 -0.398774
vn -0.851948 0.459255 -0.251532
vn -0.878320 0.403438 -0.256499
vn -0.915356 0.302976 -0.265195
vn -0.941042 0.203200 -0.270461
vn -0.952550 0.134468 -0.273070
vn -0.961475 -0.004121 -0.274862
vn -0.960939 -0.033371 -0.274742
vn -0.940273 -0.207036 -0.270229
vn -0.941958 -0.198464 -0.270790
vn -0.895043 -0.361948 -0.260561
vn -0.876925 -0.406994 -0.255653
vn -0.820828 -0.516627 -0.243592
vn -0.774482 -0.588948 -0.230906
vn -0.741582 -0.632195 -0.224470
vn -0.635604 -0.747324 -0.193688
vn -0.765010 -0.585447 -0.268349
vn -0.825974 -0.493753 -0.271984
vn -0.794211 -0.552270 -0.253431
vn -0.857630 -0.423522 -0.291718
vn -0.811091 -0.503518 -0.297660
vn -0.887252 -0.339695 -0.312075
vn -0.854306 -0.403404 -0.327759
vn -0.911973 -0.240897 -0.332075
vn -0.889947 -0.284189 -0.356694
vn -0.928007 -0.126999 -0.350250
vn -0.912359 -0.147801 -0.381780
vn -0.916451 0.000000 -0.400147
vn -0.951772 -0.072895 -0.298021
vn -0.940560 -0.103954 -0.323327
vn -0.931395 0.121134 -0.343264
vn -0.912925 0.147072 -0.380707
vn -0.916867 0.229085 -0.326916
vn -0.890708 0.282612 -0.356047
vn -0.894655 0.322583 -0.309084
vn -0.855473 0.401037 -0.327621
vn -0.868121 0.402100 -0.291001
vn -0.812796 0.500526 -0.298055
vn -0.839758 0.469060 -0.273477
vn -0.767299 0.582028 -0.269252
vn -0.811232 0.525231 -0.256971
vn -0.722153 0.647897 -0.242332
vn -0.797247 0.549828 -0.249173
vn -0.783563 0.572375 -0.241695
vn -0.863240 0.434248 -0.257382
vn -0.875399 -0.398526 -0.273594
vn -0.895475 -0.341160 -0.285893
vn -0.914237 -0.273850 -0.298627
vn -0.930043 -0.195149 -0.311347
vn -0.930456 -0.235986 -0.280288
vn -0.954941 -0.103165 -0.278290
vn -0.961362 -0.012417 -0.275007
vn -0.960200 0.027093 -0.277996
vn -0.961153 -0.025228 -0.274859
vn -0.946820 -0.169770 -0.273330
vn -0.961075 -0.028494 -0.274815
vn -0.945416 -0.178581 -0.272577
vn -0.961036 -0.029987 -0.274793
vn -0.944021 -0.186881 -0.271845
vn -0.960997 -0.031397 -0.274772
vn -0.956067 0.101769 -0.274915
vn -0.954780 0.114907 -0.274210
vn -0.954136 0.120903 -0.273872
vn -0.953497 0.126560 -0.273544
vn -0.957325 0.086853 -0.275656
vn -0.939997 0.196877 -0.278647
vn -0.933471 0.230496 -0.274779
vn -0.910141 0.301636 -0.284007
vn -0.894569 0.352618 -0.274604
vn -0.926811 0.259851 -0.271106
vn -0.923493 0.273152 -0.269349
vn -0.920205 0.285636 -0.267646
vn -0.878770 0.396439 -0.265705
vn -0.870950 0.416029 -0.261469
vn -0.906699 -0.326811 -0.266629
vn -0.835211 -0.489224 -0.251162
vn -0.939237 -0.189534 -0.286201
vn -0.946695 -0.135614 -0.292195
vn -0.946092 0.158147 -0.282664
vn -0.924692 0.242191 -0.293748
vn -0.957128 -0.073990 -0.280057
vn -0.961404 -0.006725 -0.275058
vn -0.937004 0.172899 -0.303527
vn -0.958637 -0.039986 -0.281810
vn -0.901983 -0.341551 -0.264139
vn -0.463992 0.883246 -0.067728
vn -0.393587 0.919043 -0.021184
vn -0.362653 0.931924 -0.000388
vn -0.256339 0.964363 0.065530
vn -0.152252 0.980180 0.126753
vn -0.113494 0.982382 0.148474
vn 0.058459 0.969191 0.239271
vn 0.027433 0.974295 0.223601
vn 0.164573 0.942650 0.290392
vn 0.161614 0.943622 0.288892
vn 0.315099 0.878263 0.359675
vn 0.312709 0.879603 0.358486
vn 0.448269 0.789044 0.420078
vn 0.446458 0.790540 0.419191
vn 0.562615 0.679236 0.471278
vn 0.560048 0.682209 0.470039
vn 0.652392 0.559796 0.510894
vn 0.650666 0.562552 0.510068
vn 0.722386 0.429985 0.541545
vn 0.720278 0.434757 0.540542
vn 0.772946 0.291466 0.563561
vn 0.771935 0.295049 0.563083
vn 0.803207 0.149376 0.576667
vn 0.802607 0.153635 0.576383
vn 0.813733 0.001468 0.581237
vn 0.813734 0.001128 0.581237
vn 0.802336 -0.155621 0.576229
vn 0.802053 -0.157585 0.576089
vn 0.766792 -0.312769 0.560541
vn 0.792435 -0.212281 0.571825
vn 0.726855 -0.420924 0.542684
vn -0.520181 0.847162 -0.108294
vn -0.556546 0.820055 -0.133291
vn -0.560654 0.813649 -0.153763
vn -0.512063 0.852650 -0.103823
vn -0.386815 0.921992 -0.017470
vn -0.379801 0.924968 -0.013638
vn -0.246821 0.966482 0.070659
vn -0.241839 0.967541 0.073334
vn -0.106921 0.982589 0.151940
vn -0.102212 0.982705 0.154416
vn 0.024723 0.974687 0.222200
vn 0.023523 0.974859 0.221579
vn 0.141805 0.949825 0.278789
vn 0.126275 0.954320 0.270792
vn 0.287339 0.893246 0.345758
vn 0.273250 0.900378 0.338605
vn 0.419240 0.812174 0.405723
vn 0.392842 0.831681 0.392404
vn 0.526382 0.719210 0.453497
vn 0.514801 0.731134 0.447686
vn 0.623913 0.603094 0.497001
vn 0.619703 0.609131 0.494902
vn 0.705356 0.466987 0.533288
vn 0.614979 0.615798 0.492537
vn 0.726640 0.421292 0.542685
vn -0.506957 0.852699 -0.126093
vn -0.408472 0.911484 -0.048440
vn -0.455410 0.887270 -0.073171
vn -0.475943 0.875439 -0.084174
vn -0.340699 0.940143 0.007476
vn -0.357198 0.934028 -0.001381
vn -0.220257 0.971745 0.084844
vn -0.231393 0.969654 0.078920
vn -0.097214 0.982796 0.157038
vn -0.352270 0.935695 -0.019537
vn -0.440333 0.893041 -0.092657
vn -0.357890 0.932289 -0.052465
vn -0.204486 0.977423 0.053201
vn -0.257105 0.966371 -0.004867
vn -0.109575 0.989167 0.097678
vn -0.137028 0.989310 0.049886
vn -0.056554 0.990941 0.121814
vn -0.000000 0.993933 0.109983
vn -0.000000 0.980753 0.195252
vn -0.000000 0.979110 0.203329
vn -0.012104 0.979583 0.200676
vn -0.027250 0.982830 0.182491
vn -0.042109 0.986804 0.156347
vn -0.081195 0.987098 0.138002
vn 0.244777 0.914907 0.320981
vn 0.201199 0.932122 0.301112
vn 0.018101 0.976827 0.213264
vn 0.002960 0.977508 0.210878
vn 0.005658 0.977191 0.212289
vn -0.023179 0.980508 0.195105
vn -0.042710 0.981772 0.185202
vn -0.096799 0.984183 0.148370
vn -0.167406 0.979447 0.112513
vn -0.260641 0.964169 0.049447
vn -0.303750 0.952368 0.027049
vn 0.365865 0.850202 0.378549
vn 0.455818 0.784820 0.419867
vn 0.508110 0.737848 0.444303
vn 0.766755 0.312771 0.560590
vn 0.792502 0.211818 0.571904
vn 0.801998 0.157858 0.576091
vn 0.813734 0.000726 0.581237
vn 0.813734 0.000935 0.581237
vn 0.706048 -0.465670 0.533524
vn 0.615722 -0.614879 0.492759
vn 0.620662 -0.607870 0.495250
vn 0.507357 -0.738702 0.443744
vn 0.625101 -0.601470 0.497477
vn 0.514423 -0.731611 0.447341
vn 0.632775 -0.590167 0.501297
vn 0.526644 -0.719009 0.453511
vn 0.644583 -0.572155 0.507101
vn 0.545446 -0.698740 0.462873
vn 0.649218 -0.564870 0.509352
vn 0.552822 -0.690483 0.466500
vn 0.653229 -0.558459 0.511287
vn 0.559204 -0.683192 0.469617
vn 0.655039 -0.555535 0.512157
vn 0.562082 -0.679859 0.471016
vn 0.656735 -0.552776 0.512969
vn 0.564778 -0.676711 0.472322
vn 0.657543 -0.551455 0.513356
vn 0.566063 -0.675202 0.472944
vn 0.658327 -0.550170 0.513730
vn 0.567308 -0.673733 0.473545
vn 0.659087 -0.548920 0.514092
vn 0.568516 -0.672304 0.474127
vn 0.572705 -0.667385 0.476031
vn 0.455003 -0.783419 0.423353
vn 0.430625 -0.802777 0.412445
vn 0.322350 -0.874145 0.363265
vn 0.258894 -0.906206 0.334312
vn 0.169501 -0.941004 0.292882
vn 0.059183 -0.969040 0.239704
vn 0.030025 -0.973906 0.224955
vn -0.113413 -0.982407 0.148369
vn -0.111285 -0.982480 0.149495
vn -0.251523 -0.965473 0.067804
vn -0.246694 -0.966532 0.070409
vn -0.379724 -0.924993 -0.014090
vn -0.372460 -0.927993 -0.010125
vn -0.492616 -0.865212 -0.093471
vn -0.473842 -0.876663 -0.083278
vn -0.556987 -0.816569 -0.151594
vn -0.453374 -0.888385 -0.072279
vn -0.503493 -0.855067 -0.123919
vn -0.406600 -0.912367 -0.047563
vn -0.437209 -0.894793 -0.090521
vn -0.350622 -0.936330 -0.018691
vn -0.355288 -0.933396 -0.050421
vn -0.203518 -0.977584 0.053940
vn -0.255229 -0.966876 -0.002978
vn -0.136058 -0.989357 0.051578
vn -0.109066 -0.989157 0.098349
vn -0.056296 -0.990877 0.122452
vn -0.081180 -0.987111 0.137917
vn -0.042101 -0.986811 0.156308
vn -0.052311 -0.984008 0.170270
vn -0.027236 -0.982834 0.182469
vn -0.023162 -0.980513 0.195083
vn -0.012095 -0.979585 0.200664
vn 0.006195 -0.977132 0.212543
vn 0.003241 -0.977482 0.210994
vn 0.035640 -0.974282 0.222497
vn 0.018660 -0.976826 0.213221
vn 0.216212 -0.926232 0.308784
vn 0.202519 -0.931705 0.301516
vn 0.375872 -0.843595 0.383493
vn 0.365568 -0.850510 0.378145
vn 0.453578 -0.786851 0.418488
vn 0.245285 -0.914787 0.320936
vn -0.000000 -0.979192 0.202938
vn 0.000000 -0.980638 0.195830
vn -0.000000 -0.993767 0.111479
vn -0.501421 -0.859603 -0.098287
vn -0.386735 -0.922017 -0.017930
vn -0.256207 -0.964416 0.065271
vn -0.151423 -0.980273 0.127024
vn -0.553488 -0.822362 -0.131806
vn -0.517962 -0.848635 -0.107398
vn -0.509863 -0.854076 -0.102927
vn -0.461952 -0.884375 -0.066945
vn -0.393505 -0.919067 -0.021653
vn -0.361867 -0.932230 -0.000362
vn 0.680157 -0.513324 0.523341
vn 0.727542 -0.418054 0.543979
vn 0.727116 -0.419057 0.543778
vn 0.726677 -0.420087 0.543569
vn 0.726223 -0.421148 0.543354
vn 0.725273 -0.423362 0.542902
vn 0.724259 -0.425712 0.542419
vn 0.722013 -0.430866 0.541343
vn 0.719419 -0.436733 0.540092
vn 0.712816 -0.451287 0.536873
vn 0.708528 -0.460460 0.534757
vn 0.755029 -0.347667 0.555931
vn 0.776185 -0.279681 0.565080
vn 0.775999 -0.280376 0.564992
vn 0.775806 -0.281090 0.564901
vn 0.775608 -0.281825 0.564807
vn 0.775192 -0.283360 0.564611
vn 0.774748 -0.284988 0.564400
vn 0.773765 -0.288563 0.563932
vn 0.772630 -0.292635 0.563389
vn 0.769745 -0.302750 0.561992
vn 0.767874 -0.309137 0.561075
vn 0.799254 -0.174764 0.575022
vn 0.804507 -0.139712 0.577278
vn 0.804458 -0.140087 0.577255
vn 0.804408 -0.140472 0.577231
vn 0.804356 -0.140869 0.577207
vn 0.804247 -0.141697 0.577155
vn 0.804132 -0.142576 0.577100
vn 0.803875 -0.144506 0.576978
vn 0.803579 -0.146704 0.576835
vn 0.802825 -0.152168 0.576469
vn 0.813733 0.000817 0.581238
vn 0.813730 0.002694 0.581236
vn 0.813730 0.002657 0.581237
vn 0.813730 0.002619 0.581237
vn 0.813731 0.002580 0.581237
vn 0.813731 0.002499 0.581237
vn 0.813731 0.002412 0.581237
vn 0.813731 0.002222 0.581237
vn 0.813732 0.002006 0.581237
vn 0.803952 0.143925 0.577015
vn 0.799205 0.175154 0.574972
vn 0.775111 0.283650 0.564576
vn 0.754864 0.348219 0.555809
vn 0.725469 0.422896 0.543003
vn 0.679364 0.514837 0.522883
vn 0.656256 0.553564 0.512734
vn 0.572974 0.667145 0.476044
vn 0.566176 0.675074 0.472990
vn 0.451727 0.786165 0.421766
vn 0.565026 0.676424 0.472437
vn 0.450025 0.787586 0.420935
vn 0.563839 0.677811 0.471867
vn 0.430285 0.803106 0.412158
vn 0.317417 0.876955 0.360826
vn 0.257701 0.906826 0.333553
vn -0.494771 0.863885 -0.094368
vn -0.372535 0.927967 -0.009683
vn -0.251652 0.965422 0.068058
vn -0.111365 0.982455 0.149598
vn 0.026921 0.974369 0.223337
vn 0.655530 0.554741 0.512389
vn 0.654782 0.555952 0.512033
vn 0.654011 0.557197 0.511666
vn 0.725069 0.423824 0.542815
vn 0.724656 0.424779 0.542620
vn 0.724231 0.425760 0.542419
vn 0.723338 0.427810 0.541997
vn 0.774944 0.284261 0.564498
vn 0.774771 0.284889 0.564418
vn 0.774594 0.285536 0.564335
vn 0.774221 0.286887 0.564161
vn 0.773824 0.288320 0.563975
vn 0.803913 0.144217 0.576997
vn 0.803873 0.144518 0.576978
vn 0.803831 0.144827 0.576959
vn 0.803743 0.145473 0.576918
vn 0.803650 0.146158 0.576875
vn 0.803444 0.147662 0.576779
vn 0.453235 -0.784909 0.422487
vn 0.451411 -0.786439 0.421593
vn 0.449530 -0.788010 0.420670
vn 0.445582 -0.791280 0.418727
vn 0.441367 -0.794733 0.416647
vn 0.432021 -0.802250 0.412010
vn 0.421223 -0.810702 0.406612
vn 0.393717 -0.831140 0.392674
vn 0.319965 -0.875512 0.362079
vn 0.317506 -0.876912 0.360853
vn 0.314970 -0.878346 0.359587
vn 0.309648 -0.881318 0.356925
vn 0.303969 -0.884440 0.354074
vn 0.291388 -0.891169 0.347723
vn 0.276871 -0.898619 0.340333
vn 0.240012 -0.916061 0.321290
vn 0.166459 -0.942026 0.291338
vn 0.163324 -0.943066 0.289744
vn 0.160091 -0.944125 0.288096
vn 0.153314 -0.946297 0.284634
vn 0.146088 -0.948545 0.280928
vn 0.130108 -0.953266 0.272681
vn 0.111722 -0.958277 0.263104
vn 0.065334 -0.968935 0.238532
vn 0.029465 -0.973990 0.224666
vn 0.028890 -0.974076 0.224368
vn 0.028298 -0.974164 0.224061
vn 0.027060 -0.974347 0.223420
vn 0.025747 -0.974538 0.222738
vn 0.022861 -0.974951 0.221240
vn 0.019571 -0.975410 0.219529
vn 0.011380 -0.976491 0.215257
vn -0.195649 0.975783 0.097817
vn -0.086238 0.982888 0.162773
vn -0.073735 0.982808 0.169266
vn 0.020886 0.975228 0.220213
vn 0.017879 0.975639 0.218654
vn 0.010396 0.976611 0.214761
vn 0.108414 0.959092 0.261513
vn 0.237514 0.917094 0.320196
vn 0.375736 0.843586 0.383646
vn 0.429617 0.804114 0.410890
vn 0.299556 0.886806 0.351912
vn 0.438603 0.796948 0.415333
vn 0.305073 0.883819 0.354676
vn 0.442658 0.793657 0.417328
vn 0.310243 0.880974 0.357258
vn 0.551238 0.692244 0.465763
vn 0.557309 0.685357 0.468713
vn 0.544228 0.700046 0.462333
vn 0.642428 0.575459 0.506097
vn 0.646842 0.568593 0.508230
vn 0.717847 0.440189 0.539378
vn -0.086176 -0.982906 0.162693
vn -0.097144 -0.982817 0.156949
vn -0.102139 -0.982727 0.154322
vn -0.106844 -0.982613 0.151842
vn -0.109096 -0.982549 0.150652
vn -0.195547 -0.975823 0.097620
vn -0.220143 -0.971790 0.084622
vn -0.231273 -0.969702 0.078687
vn -0.241714 -0.967591 0.073089
vn -0.073682 -0.982824 0.169198
vn -0.042679 -0.981781 0.185162
vn -0.303692 -0.952396 0.026691
vn -0.340631 -0.940170 0.007072
vn -0.357126 -0.934054 -0.001805
vn -0.167318 -0.979481 0.112346
vn -0.096748 -0.984202 0.148277
vn -0.260592 -0.964198 0.049141
vn -0.150777 -0.983046 0.104340
vn 0.148830 0.947686 0.282385
vn 0.025854 0.974525 0.222785
vn -0.109175 0.982525 0.150753
vn -0.150805 0.983024 0.104511
vn 0.063384 0.969261 0.237731
vn 0.034574 0.974382 0.222228
vn 0.631198 0.592437 0.500607
vn 0.711671 0.453666 0.536388
vn 0.769370 0.303951 0.561857
vn -0.052339 0.983998 0.170318
vn 0.214458 0.926859 0.308123
vn 0.707668 0.462162 0.534428
vn 0.767712 0.309573 0.561055
vn 0.802220 0.156326 0.576198
vn 0.155420 0.945618 0.285745
vn 0.158565 0.944611 0.287344
vn -0.503599 0.858225 -0.099184
vn 0.026395 0.974446 0.223065
vn 0.000000 0.000000 1.000000
vn 0.000000 0.000000 1.000000
vn 0.000000 0.000000 1.000000
vn 0.000000 0.000000 1.000000
vn 0.000000 0.000000 1.000000
vn 0.000000 0.000000 1.000000
vn 0.000000 0.000000 1.000000
vn 0.000000 0.000000 1.000000
vn 0.000000 0.000000 1.000000
vn 0.000000 0.000000 1.000000
vn 0.000000 0.000000 1.000000
vn 0.000000 0.000000 1.000000
vn 0.000000 0.000000 1.000000
vn 0.000000 0.000000 1.000000
vn 0.000000 0.000000 1.000000
vn 0.000000 0.000000 1.000000
vn -1.000000 0.000000 -0.000000
vn -1.000000 0.000000 -0.000000
vn -1.000000 0.000000 -0.000000
vn -1.000000 0.000000 -0.000000
vn -1.000000 0.000000 -0.000000
vn -1.000000 0.000000 -0.000000
vn -1.000000 0.000000 -0.000000
vn -1.000000 0.000000 -0.000000
vn -1.000000 0.000000 -0.000000
vn -1.000000 0.000000 -0.000000
vn -1.000000 0.000000 -0.000000
vn -1.000000 0.000000 -0.000000
vn -1.000000 0.000000 -0.000000
vn -1.000000 0.000000 -0.000000
vn -1.000000 0.000000 -0.000000
vn -1.000000 0.000000 -0.000000
vn -1.000000 0.000000 -0.000000
vn -1.000000 0.000000 -0.000000
vn -1.000000 0.000000 -0.000000
vn -1.000000 0.000000 -0.000000
vn -1.000000 0.000000 -0.000000
vn -1.000000 0.000000 -0.000000
vn 0.000000 1.000000 0.000000
vn 0.000000 1.000000 0.000000
vn 0.000000 1.000000 0.000000
vn 0.000000 1.000000 0.000000
vn 0.000000 1.000000 0.000000
vn 0.000000 1.000000 0.000000
vn 0.000000 -1.000000 0.000000
vn 0.000000 -1.000000 0.000000
vn 0.000000 -1.000000 0.000000
vn 0.000000 -1.000000 0.000000
vn 0.000000 -1.000000 0.000000
vn 0.000000 -1.000000 0.000000
vn -1.000000 0.000000 -0.000000
vn -1.000000 0.000000 -0.000000
vn -1.000000 0.000000 -0.000000
vn -1.000000 0.000000 -0.000000
vn -1.000000 0.000000 -0.000000
vn -1.000000 0.000000 -0.000000
vn 0.258819 0.965926 -0.000000
vn 0.258819 0.965926 -0.000000
vn 0.500000 0.866025 -0.000000
vn 0.500000 0.866025 -0.000000
vn 0.707107 0.707107 -0.000000
vn 0.707107 0.707107 -0.000000
vn 0.866025 0.500000 -0.000000
vn 0.866025 0.500000 -0.000000
vn 0.965926 0.258819 -0.000000
vn 0.965926 0.258819 -0.000000
vn 1.000000 0.000000 -0.000000
vn 1.000000 0.000000 -0.000000
vn 0.965926 -0.258819 -0.000000
vn 0.965926 -0.258819 -0.000000
vn 0.866025 -0.500000 -0.000000
vn 0.866025 -0.500000 -0.000000
vn 0.707107 -0.707107 -0.000000
vn 0.707107 -0.707107 -0.000000
vn 0.500000 -0.866025 -0.000000
vn 0.500000 -0.866025 -0.000000
vn 0.258819 -0.965926 -0.000000
vn 0.258819 -0.965926 -0.000000
vn -0.000000 -0.258819 0.965926
vn -0.000000 -0.258819 0.965926
vn -0.000000 -0.000000 1.000000
vn -0.000000 0.258819 0.965926
vn -0.000000 0.258819 0.965926
vn -0.000000 0.500000 0.866025
vn -0.000000 0.500000 0.866025
vn -0.000000 0.707107 0.707107
vn -0.000000 0.707107 0.707107
vn -0.000000 0.866025 0.500000
vn -0.000000 0.866025 0.500000
vn -0.000000 0.965926 0.258819
vn -0.000000 0.965926 0.258819
vn -0.000000 1.000000 0.000000
vn 0.000000 0.965926 -0.258819
vn 0.000000 0.965926 -0.258819
vn 0.000000 0.866025 -0.500000
vn 0.000000 0.866025 -0.500000
vn 0.000000 0.707107 -0.707107
vn 0.000000 0.707107 -0.707107
vn 0.000000 0.500000 -0.866025
vn 0.000000 0.500000 -0.866025
vn 0.000000 0.258819 -0.965926
vn 0.000000 0.258819 -0.965926
vn 0.000000 -0.000000 -1.000000
vn 0.000000 -0.000000 -1.000000
vn 0.000000 -0.258819 -0.965926
vn 0.000000 -0.258819 -0.965926
vn 0.000000 -0.500000 -0.866025
vn 0.000000 -0.500000 -0.866025
vn 0.000000 -0.707107 -0.707107
vn 0.000000 -0.707107 -0.707107
vn 0.000000 -0.866025 -0.500000
vn 0.000000 -0.866025 -0.500000
vn 0.000000 -0.965926 -0.258819
vn 0.000000 -0.965926 -0.258819
vn -0.000000 -1.000000 0.000000
vn -0.000000 -0.965926 0.258819
vn -0.000000 -0.965926 0.258819
vn -0.000000 -0.866025 0.500000
vn -0.000000 -0.866025 0.500000
vn -0.000000 -0.707107 0.707107
vn -0.000000 -0.707107 0.707107
vn -0.000000 -0.500000 0.866025
vn -0.000000 -0.500000 0.866025
vn -1.000000 0.000000 -0.000000
vn -1.000000 0.000000 -0.000000
vn -1.000000 0.000000 -0.000000
vn -1.000000 0.000000 -0.000000
vn -1.000000 0.000000 -0.000000
vn -1.000000 0.000000 -0.000000
vn -1.000000 0.000000 -0.000000
vn -1.000000 0.000000 -0.000000
vn -1.000000 0.000000 -0.000000
vn -1.000000 0.000000 -0.000000
vn -1.000000 0.000000 -0.000000
vn -1.000000 0.000000 -0.000000
vn -1.000000 0.000000 -0.000000
vn -1.000000 0.000000 -0.000000
vn -1.000000 0.000000 -0.000000
vn -1.000000 0.000000 -0.000000
vn -1.000000 0.000000 -0.000000
vn -1.000000 0.000000 -0.000000
vn -1.000000 0.000000 -0.000000
vn -1.000000 0.000000 -0.000000
vn -1.000000 0.000000 -0.000000
vn -1.000000 0.000000 -0.000000
vn -1.000000 0.000000 -0.000000
vn -1.000000 0.000000 -0.000000
vn 0.000000 -0.000000 -1.000000
vn 0.000000 -0.000000 -1.000000
vn 0.000000 -0.000000 -1.000000
vn 0.000000 -0.000000 -1.000000
vn 0.000000 -0.000000 -1.000000
vn 0.000000 -0.000000 -1.000000
vn 0.000000 -0.000000 -1.000000
vn 0.000000 -0.000000 -1.000000
vn 0.000000 -0.000000 -1.000000
vn 0.000000 -0.000000 -1.000000
vn 0.000000 -0.000000 -1.000000
vn 0.000000 -0.000000 -1.000000
vn 0.000000 -0.000000 -1.000000
vn 0.000000 -0.000000 -1.000000
vn 0.000000 -0.000000 -1.000000
vn 0.000000 -0.000000 -1.000000
vn 0.000000 -0.000000 -1.000000
vn 0.000000 -0.000000 -1.000000
vn 0.000000 -0.000000 -1.000000
vn 0.000000 -0.000000 -1.000000
vn 0.000000 -0.000000 -1.000000
vn 0.000000 -0.000000 -1.000000
vn 0.000000 -0.000000 -1.000000
vn 0.000000 -0.000000 -1.000000
vn 0.000000 -0.000000 -1.000000
vn 0.000000 -0.000000 -1.000000
vn 0.000000 -0.000000 -1.000000
vn 0.000000 -0.000000 -1.000000
vn 0.000000 -0.000000 -1.000000
vn 0.000000 -0.000000 -1.000000
vn -0.154141 0.988049 -0.000000
vn -0.207912 0.978148 -0.000000
vn -0.361991 0.932182 -0.000000
vn -0.406737 0.913545 -0.000000
vn -0.465047 0.885286 -0.000000
vn -0.587785 0.809017 -0.000000
vn -0.562141 0.827042 -0.000000
vn -0.652028 0.758194 -0.000000
vn -0.743145 0.669131 -0.000000
vn -0.799267 0.600976 -0.000000
vn -0.866025 0.500000 -0.000000
vn -0.909423 0.415873 -0.000000
vn -0.951057 0.309017 -0.000000
vn -0.977383 0.211475 -0.000000
vn -0.994522 0.104528 -0.000000
vn -0.999996 -0.002734 -0.000000
vn -0.994522 -0.104528 -0.000000
vn -0.976212 -0.216817 -0.000000
vn -0.951057 -0.309017 -0.000000
vn -0.907135 -0.420840 -0.000000
vn -0.866025 -0.500000 -0.000000
vn -0.795969 -0.605338 -0.000000
vn -0.743145 -0.669131 -0.000000
vn -0.647872 -0.761749 -0.000000
vn -0.587785 -0.809017 -0.000000
vn -0.558901 -0.829234 -0.000000
vn -0.462961 -0.886379 -0.000000
vn -0.406737 -0.913545 -0.000000
vn -0.361247 -0.932470 -0.000000
vn -0.207912 -0.978148 -0.000000
vn -0.153353 -0.988171 -0.000000
vn -0.000000 -1.000000 -0.000000
vn 0.061645 -0.998098 0.000000
vn 0.207912 -0.978148 0.000000
vn 0.273787 -0.961790 0.000000
vn 0.406737 -0.913545 0.000000
vn 0.473247 -0.880930 0.000000
vn 0.587785 -0.809017 0.000000
vn 0.650784 -0.759263 0.000000
vn 0.743145 -0.669131 0.000000
vn 0.798176 -0.602424 0.000000
vn 0.866025 -0.500000 0.000000
vn 0.908594 -0.417680 0.000000
vn 0.951057 -0.309017 0.000000
vn 0.976924 -0.213588 0.000000
vn 0.994522 -0.104528 0.000000
vn 1.000000 0.000399 0.000000
vn 0.994522 0.104528 0.000000
vn 0.976753 0.214366 0.000000
vn 0.951057 0.309017 0.000000
vn 0.908261 0.418404 0.000000
vn 0.866025 0.500000 0.000000
vn 0.797696 0.603060 0.000000
vn 0.743145 0.669131 0.000000
vn 0.650179 0.759781 0.000000
vn 0.587785 0.809017 0.000000
vn 0.472544 0.881307 0.000000
vn 0.406737 0.913545 0.000000
vn 0.273020 0.962008 0.000000
vn 0.207912 0.978148 0.000000
vn 0.060849 0.998147 0.000000
vn 0.000000 1.000000 -0.000000
usemtl Poudrage_(noir)
f 2/1/1 35/2/2 1/3/3
f 1/3/3 35/2/2 25/4/4
f 1/3/3 25/4/4 116/5/5
f 116/5/5 25/4/4 106/6/6
f 116/5/5 106/6/6 115/7/7
f 115/7/7 106/6/6 105/8/8
f 115/7/7 105/8/8 114/9/9
f 114/9/9 105/8/8 104/10/10
f 114/9/9 104/10/10 113/11/11
f 113/11/11 104/10/10 103/12/12
f 113/11/11 103/12/12 112/13/13
f 112/13/13 103/12/12 102/14/14
f 112/13/13 102/14/14 111/15/15
f 111/15/15 102/14/14 101/16/16
f 111/15/15 101/16/16 110/17/17
f 110/17/17 101/16/16 100/18/18
f 110/17/17 100/18/18 109/19/19
f 109/19/19 100/18/18 99/20/20
f 109/19/19 99/20/20 108/21/21
f 108/21/21 99/20/20 10/22/22
f 108/21/21 10/22/22 26/23/23
f 26/23/23 10/22/22 98/24/24
f 26/23/23 98/24/24 97/25/25
f 97/25/25 98/24/24 52/26/26
f 97/25/25 52/26/26 51/27/27
f 51/27/27 52/26/26 38/28/28
f 51/27/27 38/28/28 39/29/29
f 39/29/29 38/28/28 57/30/30
f 39/29/29 57/30/30 58/31/31
f 58/31/31 57/30/30 67/32/32
f 58/31/31 67/32/32 68/33/33
f 68/33/33 67/32/32 77/34/34
f 68/33/33 77/34/34 78/35/35
f 78/35/35 77/34/34 87/36/36
f 78/35/35 87/36/36 88/37/37
f 88/37/37 87/36/36 17/38/38
f 88/37/37 17/38/38 18/39/39
f 35/2/2 2/1/1 34/40/40
f 34/40/40 2/1/1 3/41/41
f 34/40/40 3/41/41 33/42/42
f 33/42/42 3/41/41 4/43/43
f 33/42/42 4/43/43 32/44/44
f 32/44/44 4/43/43 5/45/45
f 32/44/44 5/45/45 31/46/46
f 31/46/46 5/45/45 6/47/47
f 31/46/46 6/47/47 30/48/48
f 30/48/48 6/47/47 29/49/49
f 30/48/48 29/49/49 102/14/14
f 102/14/14 29/49/49 101/16/16
f 6/47/47 7/50/50 29/49/49
f 29/49/49 7/50/50 28/51/51
f 29/49/49 28/51/51 101/16/16
f 101/16/16 28/51/51 100/18/18
f 7/50/50 8/52/52 28/51/51
f 28/51/51 8/52/52 27/53/53
f 28/51/51 27/53/53 100/18/18
f 100/18/18 27/53/53 99/20/20
f 8/52/52 9/54/54 27/53/53
f 27/53/53 9/54/54 10/22/22
f 27/53/53 10/22/22 99/20/20
f 11/55/55 36/56/56 10/22/22
f 10/22/22 36/56/56 53/57/57
f 10/22/22 53/57/57 98/24/24
f 98/24/24 53/57/57 52/26/26
f 36/56/56 11/55/55 54/58/58
f 54/58/58 11/55/55 12/59/59
f 54/58/58 12/59/59 63/60/60
f 63/60/60 12/59/59 13/61/61
f 63/60/60 13/61/61 72/62/62
f 72/62/62 13/61/61 14/63/63
f 72/62/62 14/63/63 81/64/64
f 81/64/64 14/63/63 15/65/65
f 81/64/64 15/65/65 16/66/66
f 17/38/38 83/67/67 16/66/66
f 16/66/66 83/67/67 82/68/68
f 16/66/66 82/68/68 81/64/64
f 81/64/64 82/68/68 72/62/62
f 88/37/37 18/39/39 89/69/69
f 89/69/69 18/39/39 19/70/70
f 89/69/69 19/70/70 80/71/71
f 80/71/71 19/70/70 20/72/72
f 80/71/71 20/72/72 71/73/73
f 71/73/73 20/72/72 21/74/74
f 71/73/73 21/74/74 62/75/75
f 62/75/75 21/74/74 22/76/76
f 62/75/75 22/76/76 44/77/77
f 44/77/77 22/76/76 23/78/78
f 44/77/77 23/78/78 45/79/79
f 45/79/79 23/78/78 24/80/80
f 45/79/79 24/80/80 90/81/81
f 90/81/81 24/80/80 107/82/82
f 90/81/81 107/82/82 123/83/83
f 123/83/83 107/82/82 115/7/7
f 123/83/83 115/7/7 114/9/9
f 24/80/80 1/3/3 107/82/82
f 107/82/82 1/3/3 116/5/5
f 107/82/82 116/5/5 115/7/7
f 102/14/14 103/12/12 30/48/48
f 30/48/48 103/12/12 31/46/46
f 103/12/12 104/10/10 31/46/46
f 31/46/46 104/10/10 32/44/44
f 104/10/10 105/8/8 32/44/44
f 32/44/44 105/8/8 33/42/42
f 25/4/4 35/2/2 34/40/40
f 105/8/8 106/6/6 33/42/42
f 33/42/42 106/6/6 34/40/40
f 106/6/6 25/4/4 34/40/40
f 52/26/26 53/57/57 37/84/84
f 37/84/84 53/57/57 36/56/56
f 37/84/84 36/56/56 55/85/85
f 55/85/85 36/56/56 54/58/58
f 55/85/85 54/58/58 64/86/86
f 64/86/86 54/58/58 63/60/60
f 64/86/86 63/60/60 73/87/87
f 73/87/87 63/60/60 72/62/62
f 73/87/87 72/62/62 82/68/68
f 52/26/26 37/84/84 38/28/28
f 38/28/28 37/84/84 56/88/88
f 38/28/28 56/88/88 57/30/30
f 57/30/30 56/88/88 66/89/89
f 57/30/30 66/89/89 67/32/32
f 67/32/32 66/89/89 76/90/90
f 67/32/32 76/90/90 77/34/34
f 77/34/34 76/90/90 86/91/91
f 77/34/34 86/91/91 87/36/36
f 87/36/36 86/91/91 17/38/38
f 56/88/88 37/84/84 55/85/85
f 39/29/29 40/92/92 50/93/93
f 50/93/93 40/92/92 49/94/94
f 50/93/93 49/94/94 95/95/95
f 95/95/95 49/94/94 94/96/96
f 95/95/95 94/96/96 119/97/97
f 119/97/97 94/96/96 120/98/98
f 119/97/97 120/98/98 111/15/15
f 111/15/15 120/98/98 112/13/13
f 40/92/92 41/99/99 49/94/94
f 49/94/94 41/99/99 48/100/100
f 49/94/94 48/100/100 94/96/96
f 94/96/96 48/100/100 93/101/101
f 94/96/96 93/101/101 120/98/98
f 120/98/98 93/101/101 121/102/102
f 120/98/98 121/102/102 112/13/13
f 112/13/13 121/102/102 113/11/11
f 39/29/29 58/31/31 40/92/92
f 40/92/92 58/31/31 59/103/103
f 40/92/92 59/103/103 41/99/99
f 41/99/99 59/103/103 60/104/104
f 41/99/99 60/104/104 42/105/105
f 42/105/105 60/104/104 61/106/106
f 42/105/105 61/106/106 43/107/107
f 43/107/107 61/106/106 62/75/75
f 43/107/107 62/75/75 44/77/77
f 41/99/99 42/105/105 48/100/100
f 48/100/100 42/105/105 47/108/108
f 48/100/100 47/108/108 93/101/101
f 93/101/101 47/108/108 92/109/109
f 93/101/101 92/109/109 121/102/102
f 121/102/102 92/109/109 122/110/110
f 121/102/102 122/110/110 113/11/11
f 113/11/11 122/110/110 114/9/9
f 42/105/105 43/107/107 47/108/108
f 47/108/108 43/107/107 46/111/111
f 47/108/108 46/111/111 92/109/109
f 92/109/109 46/111/111 91/112/112
f 92/109/109 91/112/112 122/110/110
f 122/110/110 91/112/112 123/83/83
f 122/110/110 123/83/83 114/9/9
f 43/107/107 44/77/77 46/111/111
f 46/111/111 44/77/77 45/79/79
f 46/111/111 45/79/79 91/112/112
f 91/112/112 45/79/79 90/81/81
f 91/112/112 90/81/81 123/83/83
f 39/29/29 50/93/93 51/27/27
f 51/27/27 50/93/93 96/113/113
f 51/27/27 96/113/113 97/25/25
f 97/25/25 96/113/113 117/114/114
f 97/25/25 117/114/114 26/23/23
f 26/23/23 117/114/114 108/21/21
f 96/113/113 50/93/93 95/95/95
f 56/88/88 55/85/85 65/115/115
f 65/115/115 55/85/85 64/86/86
f 65/115/115 64/86/86 74/116/116
f 74/116/116 64/86/86 73/87/87
f 74/116/116 73/87/87 83/67/67
f 83/67/67 73/87/87 82/68/68
f 58/31/31 68/33/33 59/103/103
f 59/103/103 68/33/33 69/117/117
f 59/103/103 69/117/117 60/104/104
f 60/104/104 69/117/117 70/118/118
f 60/104/104 70/118/118 61/106/106
f 61/106/106 70/118/118 71/73/73
f 61/106/106 71/73/73 62/75/75
f 56/88/88 65/115/115 66/89/89
f 66/89/89 65/115/115 75/119/119
f 66/89/89 75/119/119 76/90/90
f 76/90/90 75/119/119 85/120/120
f 76/90/90 85/120/120 86/91/91
f 86/91/91 85/120/120 17/38/38
f 75/119/119 65/115/115 74/116/116
f 68/33/33 78/35/35 69/117/117
f 69/117/117 78/35/35 79/121/121
f 69/117/117 79/121/121 70/118/118
f 70/118/118 79/121/121 80/71/71
f 70/118/118 80/71/71 71/73/73
f 75/119/119 74/116/116 84/122/122
f 84/122/122 74/116/116 83/67/67
f 84/122/122 83/67/67 17/38/38
f 89/69/69 80/71/71 79/121/121
f 89/69/69 79/121/121 88/37/37
f 88/37/37 79/121/121 78/35/35
f 17/38/38 85/120/120 84/122/122
f 84/122/122 85/120/120 75/119/119
f 96/113/113 95/95/95 118/123/123
f 118/123/123 95/95/95 119/97/97
f 118/123/123 119/97/97 110/17/17
f 110/17/17 119/97/97 111/15/15
f 118/123/123 110/17/17 109/19/19
f 118/123/123 109/19/19 117/114/114
f 117/114/114 109/19/19 108/21/21
f 96/113/113 118/123/123 117/114/114
f 125/124/124 165/125/125 124/126/126
f 124/126/126 165/125/125 166/127/127
f 124/126/126 166/127/127 161/128/128
f 161/128/128 166/127/127 167/129/129
f 161/128/128 167/129/129 160/130/130
f 160/130/130 167/129/129 168/131/131
f 160/130/130 168/131/131 169/132/132
f 169/132/132 168/131/131 385/133/133
f 169/132/132 385/133/133 386/134/134
f 386/134/134 385/133/133 413/135/135
f 386/134/134 413/135/135 414/136/136
f 414/136/136 413/135/135 440/137/137
f 414/136/136 440/137/137 441/138/138
f 441/138/138 440/137/137 371/139/139
f 441/138/138 371/139/139 370/140/140
f 370/140/140 371/139/139 235/141/141
f 370/140/140 235/141/141 234/142/142
f 234/142/142 235/141/141 201/143/143
f 234/142/142 201/143/143 202/144/144
f 202/144/144 201/143/143 256/145/145
f 202/144/144 256/145/145 257/146/146
f 257/146/146 256/145/145 284/147/147
f 257/146/146 284/147/147 285/148/148
f 285/148/148 284/147/147 312/149/149
f 285/148/148 312/149/149 313/150/150
f 313/150/150 312/149/149 340/151/151
f 313/150/150 340/151/151 341/152/152
f 341/152/152 340/151/151 135/153/153
f 341/152/152 135/153/153 136/154/154
f 165/125/125 125/124/124 164/155/155
f 164/155/155 125/124/124 126/156/156
f 164/155/155 126/156/156 1/157/3
f 1/157/3 24/158/157 164/155/155
f 164/155/155 24/158/157 380/159/158
f 164/155/155 380/159/158 381/160/159
f 381/160/159 380/159/158 408/161/160
f 381/160/159 408/161/160 409/162/161
f 409/162/161 408/161/160 435/163/162
f 409/162/161 435/163/162 436/164/163
f 436/164/163 435/163/162 376/165/164
f 436/164/163 376/165/164 375/166/165
f 375/166/165 376/165/164 240/167/166
f 375/166/165 240/167/166 239/168/167
f 239/168/167 240/167/166 196/169/168
f 239/168/167 196/169/168 197/170/169
f 197/170/169 196/169/168 251/171/170
f 197/170/169 251/171/170 252/172/171
f 252/172/171 251/171/170 279/173/172
f 252/172/171 279/173/172 280/174/173
f 280/174/173 279/173/172 307/175/174
f 280/174/173 307/175/174 308/176/175
f 308/176/175 307/175/174 335/177/176
f 308/176/175 335/177/176 336/178/177
f 336/178/177 335/177/176 131/179/178
f 336/178/177 131/179/178 132/180/179
f 23/181/180 191/182/181 24/158/157
f 24/158/157 191/182/181 244/183/182
f 24/158/157 244/183/182 379/184/183
f 379/184/183 244/183/182 243/185/184
f 379/184/183 243/185/184 378/186/185
f 378/186/185 243/185/184 242/187/186
f 378/186/185 242/187/186 377/188/187
f 377/188/187 242/187/186 241/189/188
f 377/188/187 241/189/188 376/165/164
f 376/165/164 241/189/188 240/167/166
f 191/182/181 23/181/180 245/190/189
f 245/190/189 23/181/180 22/191/190
f 245/190/189 22/191/190 21/192/191
f 245/190/189 21/192/191 272/193/192
f 272/193/192 21/192/191 20/194/193
f 272/193/192 20/194/193 299/195/194
f 299/195/194 20/194/193 19/196/195
f 299/195/194 19/196/195 326/197/196
f 326/197/196 19/196/195 18/198/197
f 326/197/196 18/198/197 127/199/198
f 128/200/199 329/201/200 127/199/198
f 127/199/198 329/201/200 328/202/201
f 127/199/198 328/202/201 327/203/202
f 327/203/202 328/202/201 300/204/203
f 327/203/202 300/204/203 299/195/194
f 299/195/194 300/204/203 272/193/192
f 129/205/204 332/206/205 128/200/199
f 128/200/199 332/206/205 331/207/206
f 128/200/199 331/207/206 330/208/207
f 330/208/207 331/207/206 303/209/208
f 330/208/207 303/209/208 302/210/209
f 302/210/209 303/209/208 275/211/210
f 302/210/209 275/211/210 274/212/211
f 274/212/211 275/211/210 247/213/212
f 274/212/211 247/213/212 246/214/213
f 246/214/213 247/213/212 192/215/214
f 246/214/213 192/215/214 191/182/181
f 191/182/181 192/215/214 244/183/182
f 332/206/205 129/205/204 333/216/215
f 333/216/215 129/205/204 130/217/216
f 333/216/215 130/217/216 334/218/217
f 334/218/217 130/217/216 131/179/178
f 334/218/217 131/179/178 335/177/176
f 336/178/177 132/180/179 337/219/218
f 337/219/218 132/180/179 133/220/219
f 337/219/218 133/220/219 338/221/220
f 338/221/220 133/220/219 134/222/221
f 338/221/220 134/222/221 339/223/222
f 339/223/222 134/222/221 340/151/151
f 339/223/222 340/151/151 312/149/149
f 134/222/221 135/153/153 340/151/151
f 341/152/152 136/154/154 342/224/223
f 342/224/223 136/154/154 137/225/224
f 342/224/223 137/225/224 343/226/225
f 343/226/225 137/225/224 344/227/226
f 343/226/225 344/227/226 316/228/227
f 316/228/227 344/227/226 317/229/228
f 316/228/227 317/229/228 289/230/229
f 289/230/229 317/229/228 290/231/230
f 289/230/229 290/231/230 262/232/231
f 262/232/231 290/231/230 263/233/232
f 262/232/231 263/233/232 208/234/233
f 208/234/233 263/233/232 209/235/234
f 208/234/233 209/235/234 227/236/235
f 227/236/235 209/235/234 226/237/236
f 227/236/235 226/237/236 362/238/237
f 362/238/237 226/237/236 361/239/238
f 362/238/237 361/239/238 450/240/239
f 450/240/239 361/239/238 451/241/240
f 450/240/239 451/241/240 424/242/241
f 424/242/241 451/241/240 425/243/242
f 424/242/241 425/243/242 397/244/243
f 397/244/243 425/243/242 398/245/244
f 397/244/243 398/245/244 181/246/245
f 181/246/245 398/245/244 182/247/246
f 181/246/245 182/247/246 149/248/247
f 149/248/247 182/247/246 183/249/248
f 149/248/247 183/249/248 148/250/249
f 148/250/249 183/249/248 184/251/250
f 148/250/249 184/251/250 147/252/251
f 147/252/251 184/251/250 185/253/252
f 147/252/251 185/253/252 146/254/253
f 146/254/253 185/253/252 186/255/254
f 146/254/253 186/255/254 187/256/255
f 187/256/255 186/255/254 403/257/256
f 187/256/255 403/257/256 404/258/257
f 404/258/257 403/257/256 431/259/258
f 404/258/257 431/259/258 432/260/259
f 432/260/259 431/259/258 458/261/260
f 432/260/259 458/261/260 406/262/261
f 406/262/261 458/261/260 353/263/262
f 406/262/261 353/263/262 10/264/263
f 10/264/263 353/263/262 218/265/264
f 10/264/263 218/265/264 11/266/265
f 11/266/265 218/265/264 217/267/266
f 11/266/265 217/267/266 12/268/267
f 12/268/267 217/267/266 271/269/268
f 12/268/267 271/269/268 13/270/269
f 13/270/269 271/269/268 298/271/270
f 13/270/269 298/271/270 14/272/271
f 14/272/271 298/271/270 15/273/272
f 15/273/272 298/271/270 325/274/273
f 15/273/272 325/274/273 352/275/274
f 352/275/274 325/274/273 324/276/275
f 352/275/274 324/276/275 351/277/276
f 351/277/276 324/276/275 323/278/277
f 351/277/276 323/278/277 350/279/278
f 350/279/278 323/278/277 322/280/279
f 350/279/278 322/280/279 349/281/280
f 349/281/280 322/280/279 321/282/281
f 349/281/280 321/282/281 348/283/282
f 348/283/282 321/282/281 320/284/283
f 348/283/282 320/284/283 347/285/284
f 347/285/284 320/284/283 319/286/285
f 347/285/284 319/286/285 346/287/286
f 346/287/286 319/286/285 318/288/287
f 346/287/286 318/288/287 345/289/288
f 345/289/288 318/288/287 317/229/228
f 345/289/288 317/229/228 344/227/226
f 137/225/224 138/290/289 344/227/226
f 344/227/226 138/290/289 345/289/288
f 138/290/289 139/291/290 345/289/288
f 345/289/288 139/291/290 346/287/286
f 139/291/290 140/292/291 346/287/286
f 346/287/286 140/292/291 347/285/284
f 347/285/284 140/292/291 348/283/282
f 348/283/282 140/292/291 141/293/292
f 348/283/282 141/293/292 349/281/280
f 349/281/280 141/293/292 350/279/278
f 350/279/278 141/293/292 351/277/276
f 351/277/276 141/293/292 16/294/293
f 351/277/276 16/294/293 352/275/274
f 352/275/274 16/294/293 15/273/272
f 10/264/263 9/295/54 406/262/261
f 406/262/261 9/295/54 433/296/294
f 406/262/261 433/296/294 432/260/259
f 432/260/259 433/296/294 405/297/295
f 432/260/259 405/297/295 404/258/257
f 404/258/257 405/297/295 188/298/296
f 404/258/257 188/298/296 187/256/255
f 187/256/255 188/298/296 145/299/297
f 187/256/255 145/299/297 146/254/253
f 142/300/298 190/301/299 9/295/54
f 9/295/54 190/301/299 162/302/300
f 9/295/54 162/302/300 433/296/294
f 433/296/294 162/302/300 405/297/295
f 142/300/298 143/303/301 190/301/299
f 190/301/299 143/303/301 189/304/302
f 190/301/299 189/304/302 162/302/300
f 162/302/300 189/304/302 405/297/295
f 143/303/301 144/305/303 189/304/302
f 189/304/302 144/305/303 188/298/296
f 189/304/302 188/298/296 405/297/295
f 144/305/303 145/299/297 188/298/296
f 149/248/247 150/306/304 181/246/245
f 181/246/245 150/306/304 180/307/305
f 181/246/245 180/307/305 397/244/243
f 397/244/243 180/307/305 396/308/306
f 397/244/243 396/308/306 424/242/241
f 424/242/241 396/308/306 423/309/307
f 424/242/241 423/309/307 450/240/239
f 450/240/239 423/309/307 449/310/308
f 450/240/239 449/310/308 362/238/237
f 362/238/237 449/310/308 363/311/309
f 362/238/237 363/311/309 227/236/235
f 227/236/235 363/311/309 228/312/310
f 227/236/235 228/312/310 208/234/233
f 208/234/233 228/312/310 207/313/311
f 208/234/233 207/313/311 262/232/231
f 262/232/231 207/313/311 261/314/312
f 262/232/231 261/314/312 289/230/229
f 289/230/229 261/314/312 288/315/313
f 289/230/229 288/315/313 316/228/227
f 316/228/227 288/315/313 315/316/314
f 316/228/227 315/316/314 343/226/225
f 343/226/225 315/316/314 342/224/223
f 150/306/304 151/317/315 180/307/305
f 180/307/305 151/317/315 179/318/316
f 180/307/305 179/318/316 396/308/306
f 396/308/306 179/318/316 395/319/317
f 396/308/306 395/319/317 423/309/307
f 423/309/307 395/319/317 422/320/318
f 423/309/307 422/320/318 449/310/308
f 449/310/308 422/320/318 448/321/319
f 449/310/308 448/321/319 363/311/309
f 363/311/309 448/321/319 364/322/320
f 363/311/309 364/322/320 228/312/310
f 228/312/310 364/322/320 229/323/321
f 228/312/310 229/323/321 207/313/311
f 207/313/311 229/323/321 206/324/322
f 207/313/311 206/324/322 261/314/312
f 261/314/312 206/324/322 260/325/323
f 261/314/312 260/325/323 288/315/313
f 288/315/313 260/325/323 287/326/324
f 288/315/313 287/326/324 315/316/314
f 315/316/314 287/326/324 314/327/325
f 315/316/314 314/327/325 342/224/223
f 342/224/223 314/327/325 341/152/152
f 151/317/315 152/328/326 179/318/316
f 179/318/316 152/328/326 178/329/327
f 179/318/316 178/329/327 395/319/317
f 395/319/317 178/329/327 394/330/328
f 395/319/317 394/330/328 422/320/318
f 422/320/318 394/330/328 421/331/329
f 422/320/318 421/331/329 448/321/319
f 448/321/319 421/331/329 447/332/330
f 448/321/319 447/332/330 364/322/320
f 364/322/320 447/332/330 365/333/331
f 364/322/320 365/333/331 229/323/321
f 229/323/321 365/333/331 230/334/332
f 229/323/321 230/334/332 206/324/322
f 206/324/322 230/334/332 205/335/333
f 206/324/322 205/335/333 260/325/323
f 260/325/323 205/335/333 259/336/334
f 260/325/323 259/336/334 287/326/324
f 287/326/324 259/336/334 286/337/335
f 287/326/324 286/337/335 314/327/325
f 314/327/325 286/337/335 313/150/150
f 314/327/325 313/150/150 341/152/152
f 152/328/326 153/338/336 178/329/327
f 178/329/327 153/338/336 177/339/337
f 178/329/327 177/339/337 394/330/328
f 394/330/328 177/339/337 393/340/338
f 394/330/328 393/340/338 421/331/329
f 421/331/329 393/340/338 420/341/339
f 421/331/329 420/341/339 447/332/330
f 447/332/330 420/341/339 446/342/340
f 447/332/330 446/342/340 365/333/331
f 365/333/331 446/342/340 366/343/341
f 365/333/331 366/343/341 230/334/332
f 230/334/332 366/343/341 231/344/342
f 230/334/332 231/344/342 205/335/333
f 205/335/333 231/344/342 204/345/343
f 205/335/333 204/345/343 259/336/334
f 259/336/334 204/345/343 258/346/344
f 259/336/334 258/346/344 286/337/335
f 286/337/335 258/346/344 285/148/148
f 286/337/335 285/148/148 313/150/150
f 177/339/337 153/338/336 176/347/345
f 176/347/345 153/338/336 154/348/346
f 176/347/345 154/348/346 175/349/347
f 175/349/347 154/348/346 155/350/348
f 175/349/347 155/350/348 174/351/349
f 174/351/349 155/350/348 156/352/350
f 174/351/349 156/352/350 173/353/351
f 173/353/351 156/352/350 157/354/352
f 173/353/351 157/354/352 172/355/353
f 172/355/353 157/354/352 171/356/354
f 172/355/353 171/356/354 388/357/355
f 388/357/355 171/356/354 387/358/356
f 388/357/355 387/358/356 415/359/357
f 415/359/357 387/358/356 414/136/136
f 415/359/357 414/136/136 441/138/138
f 157/354/352 158/360/358 171/356/354
f 171/356/354 158/360/358 170/361/359
f 171/356/354 170/361/359 387/358/356
f 387/358/356 170/361/359 386/134/134
f 387/358/356 386/134/134 414/136/136
f 158/360/358 159/362/360 170/361/359
f 170/361/359 159/362/360 169/132/132
f 170/361/359 169/132/132 386/134/134
f 159/362/360 160/130/130 169/132/132
f 24/158/157 379/184/183 163/363/361
f 163/363/361 379/184/183 378/186/185
f 163/363/361 378/186/185 434/364/362
f 434/364/362 378/186/185 377/188/187
f 434/364/362 377/188/187 435/163/162
f 435/163/162 377/188/187 376/165/164
f 164/155/155 381/160/159 165/125/125
f 165/125/125 381/160/159 382/365/363
f 165/125/125 382/365/363 166/127/127
f 166/127/127 382/365/363 383/366/364
f 166/127/127 383/366/364 167/129/129
f 167/129/129 383/366/364 384/367/365
f 167/129/129 384/367/365 168/131/131
f 168/131/131 384/367/365 385/133/133
f 173/353/351 172/355/353 389/368/366
f 389/368/366 172/355/353 388/357/355
f 389/368/366 388/357/355 416/369/367
f 416/369/367 388/357/355 415/359/357
f 416/369/367 415/359/357 442/370/368
f 442/370/368 415/359/357 441/138/138
f 442/370/368 441/138/138 370/140/140
f 174/351/349 173/353/351 390/371/369
f 390/371/369 173/353/351 389/368/366
f 390/371/369 389/368/366 417/372/370
f 417/372/370 389/368/366 416/369/367
f 417/372/370 416/369/367 443/373/371
f 443/373/371 416/369/367 442/370/368
f 443/373/371 442/370/368 369/374/372
f 369/374/372 442/370/368 370/140/140
f 369/374/372 370/140/140 234/142/142
f 175/349/347 174/351/349 391/375/373
f 391/375/373 174/351/349 390/371/369
f 391/375/373 390/371/369 418/376/374
f 418/376/374 390/371/369 417/372/370
f 418/376/374 417/372/370 444/377/375
f 444/377/375 417/372/370 443/373/371
f 444/377/375 443/373/371 368/378/376
f 368/378/376 443/373/371 369/374/372
f 368/378/376 369/374/372 233/379/377
f 233/379/377 369/374/372 234/142/142
f 233/379/377 234/142/142 202/144/144
f 393/340/338 177/339/337 176/347/345
f 176/347/345 175/349/347 392/380/378
f 392/380/378 175/349/347 391/375/373
f 392/380/378 391/375/373 419/381/379
f 419/381/379 391/375/373 418/376/374
f 419/381/379 418/376/374 445/382/380
f 445/382/380 418/376/374 444/377/375
f 445/382/380 444/377/375 367/383/381
f 367/383/381 444/377/375 368/378/376
f 367/383/381 368/378/376 232/384/382
f 232/384/382 368/378/376 233/379/377
f 232/384/382 233/379/377 203/385/383
f 203/385/383 233/379/377 202/144/144
f 203/385/383 202/144/144 257/146/146
f 183/249/248 182/247/246 399/386/384
f 399/386/384 182/247/246 398/245/244
f 399/386/384 398/245/244 426/387/385
f 426/387/385 398/245/244 425/243/242
f 426/387/385 425/243/242 452/388/386
f 452/388/386 425/243/242 451/241/240
f 452/388/386 451/241/240 360/389/387
f 360/389/387 451/241/240 361/239/238
f 360/389/387 361/239/238 225/390/388
f 225/390/388 361/239/238 226/237/236
f 225/390/388 226/237/236 210/391/389
f 210/391/389 226/237/236 209/235/234
f 210/391/389 209/235/234 264/392/390
f 264/392/390 209/235/234 263/233/232
f 264/392/390 263/233/232 291/393/391
f 291/393/391 263/233/232 290/231/230
f 291/393/391 290/231/230 318/288/287
f 318/288/287 290/231/230 317/229/228
f 184/251/250 183/249/248 400/394/392
f 400/394/392 183/249/248 399/386/384
f 400/394/392 399/386/384 427/395/393
f 427/395/393 399/386/384 426/387/385
f 427/395/393 426/387/385 453/396/394
f 453/396/394 426/387/385 452/388/386
f 453/396/394 452/388/386 359/397/395
f 359/397/395 452/388/386 360/389/387
f 359/397/395 360/389/387 224/398/396
f 224/398/396 360/389/387 225/390/388
f 224/398/396 225/390/388 211/399/397
f 211/399/397 225/390/388 210/391/389
f 211/399/397 210/391/389 265/400/398
f 265/400/398 210/391/389 264/392/390
f 265/400/398 264/392/390 292/401/399
f 292/401/399 264/392/390 291/393/391
f 292/401/399 291/393/391 319/286/285
f 319/286/285 291/393/391 318/288/287
f 185/253/252 184/251/250 401/402/400
f 401/402/400 184/251/250 400/394/392
f 401/402/400 400/394/392 428/403/401
f 428/403/401 400/394/392 427/395/393
f 428/403/401 427/395/393 454/404/402
f 454/404/402 427/395/393 453/396/394
f 454/404/402 453/396/394 358/405/403
f 358/405/403 453/396/394 359/397/395
f 358/405/403 359/397/395 223/406/404
f 223/406/404 359/397/395 224/398/396
f 223/406/404 224/398/396 212/407/405
f 212/407/405 224/398/396 211/399/397
f 212/407/405 211/399/397 266/408/406
f 266/408/406 211/399/397 265/400/398
f 266/408/406 265/400/398 293/409/407
f 293/409/407 265/400/398 292/401/399
f 293/409/407 292/401/399 320/284/283
f 320/284/283 292/401/399 319/286/285
f 186/255/254 185/253/252 402/410/408
f 402/410/408 185/253/252 401/402/400
f 402/410/408 401/402/400 429/411/409
f 429/411/409 401/402/400 428/403/401
f 429/411/409 428/403/401 455/412/410
f 455/412/410 428/403/401 454/404/402
f 455/412/410 454/404/402 357/413/411
f 357/413/411 454/404/402 358/405/403
f 357/413/411 358/405/403 222/414/412
f 222/414/412 358/405/403 223/406/404
f 222/414/412 223/406/404 213/415/413
f 213/415/413 223/406/404 212/407/405
f 213/415/413 212/407/405 267/416/414
f 267/416/414 212/407/405 266/408/406
f 267/416/414 266/408/406 294/417/415
f 294/417/415 266/408/406 293/409/407
f 294/417/415 293/409/407 321/282/281
f 321/282/281 293/409/407 320/284/283
f 243/185/184 244/183/182 192/215/214
f 246/214/213 191/182/181 245/190/189
f 242/187/186 243/185/184 193/418/416
f 193/418/416 243/185/184 192/215/214
f 193/418/416 192/215/214 247/213/212
f 241/189/188 242/187/186 194/419/417
f 194/419/417 242/187/186 193/418/416
f 194/419/417 193/418/416 248/420/418
f 248/420/418 193/418/416 247/213/212
f 248/420/418 247/213/212 275/211/210
f 240/167/166 241/189/188 195/421/419
f 195/421/419 241/189/188 194/419/417
f 195/421/419 194/419/417 249/422/420
f 249/422/420 194/419/417 248/420/418
f 249/422/420 248/420/418 276/423/421
f 276/423/421 248/420/418 275/211/210
f 276/423/421 275/211/210 303/209/208
f 240/167/166 195/421/419 196/169/168
f 196/169/168 195/421/419 250/424/422
f 196/169/168 250/424/422 251/171/170
f 251/171/170 250/424/422 278/425/423
f 251/171/170 278/425/423 279/173/172
f 279/173/172 278/425/423 306/426/424
f 279/173/172 306/426/424 307/175/174
f 307/175/174 306/426/424 334/218/217
f 307/175/174 334/218/217 335/177/176
f 250/424/422 195/421/419 249/422/420
f 197/170/169 198/427/425 238/428/426
f 238/428/426 198/427/425 237/429/427
f 238/428/426 237/429/427 373/430/428
f 373/430/428 237/429/427 372/431/429
f 373/430/428 372/431/429 439/432/430
f 439/432/430 372/431/429 440/137/137
f 439/432/430 440/137/137 413/135/135
f 198/427/425 199/433/431 237/429/427
f 237/429/427 199/433/431 236/434/432
f 237/429/427 236/434/432 372/431/429
f 372/431/429 236/434/432 371/139/139
f 372/431/429 371/139/139 440/137/137
f 197/170/169 252/172/171 198/427/425
f 198/427/425 252/172/171 253/435/433
f 198/427/425 253/435/433 199/433/431
f 199/433/431 253/435/433 254/436/434
f 199/433/431 254/436/434 200/437/435
f 200/437/435 254/436/434 255/438/436
f 200/437/435 255/438/436 201/143/143
f 201/143/143 255/438/436 256/145/145
f 199/433/431 200/437/435 236/434/432
f 236/434/432 200/437/435 235/141/141
f 236/434/432 235/141/141 371/139/139
f 200/437/435 201/143/143 235/141/141
f 203/385/383 204/345/343 232/384/382
f 232/384/382 204/345/343 231/344/342
f 232/384/382 231/344/342 367/383/381
f 367/383/381 231/344/342 366/343/341
f 367/383/381 366/343/341 445/382/380
f 445/382/380 366/343/341 446/342/340
f 445/382/380 446/342/340 419/381/379
f 419/381/379 446/342/340 420/341/339
f 419/381/379 420/341/339 392/380/378
f 392/380/378 420/341/339 393/340/338
f 392/380/378 393/340/338 176/347/345
f 204/345/343 203/385/383 258/346/344
f 258/346/344 203/385/383 257/146/146
f 258/346/344 257/146/146 285/148/148
f 213/415/413 214/439/437 222/414/412
f 222/414/412 214/439/437 221/440/438
f 222/414/412 221/440/438 357/413/411
f 357/413/411 221/440/438 356/441/439
f 357/413/411 356/441/439 455/412/410
f 455/412/410 356/441/439 456/442/440
f 455/412/410 456/442/440 429/411/409
f 429/411/409 456/442/440 430/443/441
f 429/411/409 430/443/441 402/410/408
f 402/410/408 430/443/441 403/257/256
f 402/410/408 403/257/256 186/255/254
f 214/439/437 215/444/442 221/440/438
f 221/440/438 215/444/442 220/445/443
f 221/440/438 220/445/443 356/441/439
f 356/441/439 220/445/443 355/446/444
f 356/441/439 355/446/444 456/442/440
f 456/442/440 355/446/444 457/447/445
f 456/442/440 457/447/445 430/443/441
f 430/443/441 457/447/445 431/259/258
f 430/443/441 431/259/258 403/257/256
f 214/439/437 213/415/413 268/448/446
f 268/448/446 213/415/413 267/416/414
f 268/448/446 267/416/414 295/449/447
f 295/449/447 267/416/414 294/417/415
f 295/449/447 294/417/415 322/280/279
f 322/280/279 294/417/415 321/282/281
f 215/444/442 216/450/448 220/445/443
f 220/445/443 216/450/448 219/451/449
f 220/445/443 219/451/449 355/446/444
f 355/446/444 219/451/449 354/452/450
f 355/446/444 354/452/450 457/447/445
f 457/447/445 354/452/450 458/261/260
f 457/447/445 458/261/260 431/259/258
f 215/444/442 214/439/437 269/453/451
f 269/453/451 214/439/437 268/448/446
f 269/453/451 268/448/446 296/454/452
f 296/454/452 268/448/446 295/449/447
f 296/454/452 295/449/447 323/278/277
f 323/278/277 295/449/447 322/280/279
f 216/450/448 217/267/266 219/451/449
f 219/451/449 217/267/266 218/265/264
f 219/451/449 218/265/264 354/452/450
f 354/452/450 218/265/264 353/263/262
f 354/452/450 353/263/262 458/261/260
f 216/450/448 215/444/442 270/455/453
f 270/455/453 215/444/442 269/453/451
f 270/455/453 269/453/451 297/456/454
f 297/456/454 269/453/451 296/454/452
f 297/456/454 296/454/452 324/276/275
f 324/276/275 296/454/452 323/278/277
f 217/267/266 216/450/448 271/269/268
f 271/269/268 216/450/448 270/455/453
f 271/269/268 270/455/453 298/271/270
f 298/271/270 270/455/453 297/456/454
f 298/271/270 297/456/454 325/274/273
f 325/274/273 297/456/454 324/276/275
f 197/170/169 238/428/426 239/168/167
f 239/168/167 238/428/426 374/457/455
f 239/168/167 374/457/455 375/166/165
f 375/166/165 374/457/455 437/458/456
f 375/166/165 437/458/456 436/164/163
f 436/164/163 437/458/456 410/459/457
f 436/164/163 410/459/457 409/162/161
f 409/162/161 410/459/457 382/365/363
f 409/162/161 382/365/363 381/160/159
f 374/457/455 238/428/426 373/430/428
f 246/214/213 245/190/189 273/460/458
f 273/460/458 245/190/189 272/193/192
f 273/460/458 272/193/192 300/204/203
f 250/424/422 249/422/420 277/461/459
f 277/461/459 249/422/420 276/423/421
f 277/461/459 276/423/421 304/462/460
f 304/462/460 276/423/421 303/209/208
f 304/462/460 303/209/208 331/207/206
f 252/172/171 280/174/173 253/435/433
f 253/435/433 280/174/173 281/463/461
f 253/435/433 281/463/461 254/436/434
f 254/436/434 281/463/461 282/464/462
f 254/436/434 282/464/462 255/438/436
f 255/438/436 282/464/462 283/465/463
f 255/438/436 283/465/463 256/145/145
f 256/145/145 283/465/463 284/147/147
f 246/214/213 273/460/458 274/212/211
f 274/212/211 273/460/458 301/466/464
f 274/212/211 301/466/464 302/210/209
f 302/210/209 301/466/464 329/201/200
f 302/210/209 329/201/200 330/208/207
f 330/208/207 329/201/200 128/200/199
f 301/466/464 273/460/458 300/204/203
f 250/424/422 277/461/459 278/425/423
f 278/425/423 277/461/459 305/467/465
f 278/425/423 305/467/465 306/426/424
f 306/426/424 305/467/465 333/216/215
f 306/426/424 333/216/215 334/218/217
f 305/467/465 277/461/459 304/462/460
f 280/174/173 308/176/175 281/463/461
f 281/463/461 308/176/175 309/468/466
f 281/463/461 309/468/466 282/464/462
f 282/464/462 309/468/466 310/469/467
f 282/464/462 310/469/467 283/465/463
f 283/465/463 310/469/467 311/470/468
f 283/465/463 311/470/468 284/147/147
f 284/147/147 311/470/468 312/149/149
f 327/203/202 299/195/194 326/197/196
f 329/201/200 301/466/464 328/202/201
f 328/202/201 301/466/464 300/204/203
f 331/207/206 332/206/205 304/462/460
f 304/462/460 332/206/205 305/467/465
f 332/206/205 333/216/215 305/467/465
f 308/176/175 336/178/177 309/468/466
f 309/468/466 336/178/177 337/219/218
f 309/468/466 337/219/218 310/469/467
f 310/469/467 337/219/218 338/221/220
f 310/469/467 338/221/220 311/470/468
f 311/470/468 338/221/220 339/223/222
f 311/470/468 339/223/222 312/149/149
f 127/199/198 327/203/202 326/197/196
f 374/457/455 373/430/428 438/471/469
f 438/471/469 373/430/428 439/432/430
f 438/471/469 439/432/430 412/472/470
f 412/472/470 439/432/430 413/135/135
f 412/472/470 413/135/135 385/133/133
f 24/158/157 163/363/361 407/473/471
f 407/473/471 163/363/361 434/364/362
f 407/473/471 434/364/362 408/161/160
f 408/161/160 434/364/362 435/163/162
f 407/473/471 408/161/160 380/159/158
f 382/365/363 410/459/457 383/366/364
f 383/366/364 410/459/457 411/474/472
f 383/366/364 411/474/472 384/367/365
f 384/367/365 411/474/472 412/472/470
f 384/367/365 412/472/470 385/133/133
f 407/473/471 380/159/158 24/158/157
f 438/471/469 412/472/470 411/474/472
f 438/471/469 411/474/472 437/458/456
f 437/458/456 411/474/472 410/459/457
f 374/457/455 438/471/469 437/458/456
f 474/475/473 459/476/474 473/477/475
f 473/477/475 459/476/474 460/478/476
f 473/477/475 460/478/476 461/479/477
f 461/479/477 462/480/478 473/477/475
f 473/477/475 462/480/478 463/481/479
f 473/477/475 463/481/479 464/482/480
f 464/482/480 465/483/481 473/477/475
f 473/477/475 465/483/481 466/484/482
f 473/477/475 466/484/482 467/485/483
f 467/485/483 468/486/484 473/477/475
f 473/477/475 468/486/484 469/487/485
f 473/477/475 469/487/485 470/488/486
f 470/488/486 471/489/487 473/477/475
f 473/477/475 471/489/487 472/490/488
f 475/491/489 476/492/490 16/493/491
f 16/493/491 476/492/490 477/494/492
f 16/493/491 477/494/492 478/495/493
f 478/495/493 479/496/494 16/493/491
f 16/493/491 479/496/494 480/497/495
f 16/493/491 480/497/495 17/498/496
f 481/499/497 482/500/498 472/501/499
f 472/501/499 482/500/498 483/502/500
f 472/501/499 483/502/500 484/503/501
f 484/503/501 485/504/502 472/501/499
f 472/501/499 485/504/502 486/505/503
f 472/501/499 486/505/503 473/506/504
f 17/507/496 487/508/505 18/509/506
f 18/509/506 487/508/505 488/510/507
f 18/509/506 488/510/507 489/511/508
f 489/511/508 490/512/509 18/509/506
f 18/509/506 490/512/509 491/513/510
f 18/509/506 491/513/510 481/514/497
f 128/515/511 127/516/512 471/517/513
f 471/517/513 127/516/512 481/518/514
f 471/517/513 481/518/514 472/519/515
f 127/516/512 18/520/516 481/518/514
f 16/521/517 141/522/518 475/523/519
f 475/523/519 141/522/518 459/524/520
f 475/523/519 459/524/520 474/525/521
f 141/522/518 140/526/522 459/524/520
f 473/527/504 492/528/523 474/529/524
f 474/529/524 492/528/523 493/530/525
f 474/529/524 493/530/525 494/531/526
f 494/531/526 495/532/527 474/529/524
f 474/529/524 495/532/527 496/533/528
f 474/529/524 496/533/528 475/534/489
f 128/535/511 471/536/513 129/537/529
f 129/537/529 471/536/513 470/538/530
f 129/537/529 470/538/530 130/539/531
f 130/539/531 470/538/530 469/540/532
f 130/539/531 469/540/532 131/541/533
f 131/541/533 469/540/532 468/542/534
f 131/541/533 468/542/534 132/543/535
f 132/543/535 468/542/534 467/544/536
f 132/543/535 467/544/536 133/545/537
f 133/545/537 467/544/536 466/546/538
f 133/545/537 466/546/538 134/547/539
f 134/547/539 466/546/538 465/548/540
f 134/547/539 465/548/540 135/549/541
f 135/549/541 465/548/540 464/550/542
f 135/549/541 464/550/542 136/551/543
f 136/551/543 464/550/542 463/552/544
f 136/551/543 463/552/544 137/553/545
f 137/553/545 463/552/544 462/554/546
f 137/553/545 462/554/546 138/555/547
f 138/555/547 462/554/546 461/556/548
f 138/555/547 461/556/548 139/557/549
f 139/557/549 461/556/548 460/558/550
f 139/557/549 460/558/550 140/559/522
f 140/559/522 460/558/550 459/560/520
f 498/561/551 492/562/552 497/563/553
f 497/563/553 492/562/552 473/564/475
f 497/565/553 473/566/475 520/567/554
f 520/567/554 473/566/475 486/568/555
f 520/567/554 486/568/555 519/569/556
f 519/569/556 486/568/555 485/570/557
f 519/569/556 485/570/557 518/571/558
f 518/571/558 485/570/557 484/572/559
f 518/571/558 484/572/559 517/573/560
f 517/573/560 484/572/559 483/574/561
f 517/573/560 483/574/561 516/575/562
f 516/575/562 483/574/561 482/576/563
f 516/575/562 482/576/563 515/577/564
f 515/577/564 482/576/563 481/578/514
f 515/577/564 481/578/514 514/579/565
f 514/579/565 481/578/514 491/580/566
f 514/579/565 491/580/566 513/581/567
f 513/581/567 491/580/566 490/582/568
f 513/581/567 490/582/568 512/583/569
f 512/583/569 490/582/568 489/584/570
f 512/583/569 489/584/570 511/585/571
f 511/585/571 489/584/570 488/586/572
f 511/585/571 488/586/572 510/587/573
f 510/587/573 488/586/572 487/588/574
f 510/587/573 487/588/574 509/589/575
f 509/589/575 487/588/574 17/590/576
f 509/589/575 17/590/576 508/591/577
f 508/591/577 17/590/576 480/592/578
f 508/591/577 480/592/578 507/593/579
f 507/593/579 480/592/578 479/594/580
f 507/593/579 479/594/580 506/595/581
f 506/595/581 479/594/580 478/596/582
f 506/595/581 478/596/582 505/597/583
f 505/597/583 478/596/582 477/598/584
f 505/597/583 477/598/584 504/599/585
f 504/599/585 477/598/584 476/600/586
f 504/599/585 476/600/586 503/601/587
f 503/601/587 476/600/586 475/602/519
f 503/601/587 475/602/519 502/603/588
f 502/603/588 475/602/519 496/604/589
f 502/603/588 496/604/589 501/605/590
f 501/605/590 496/604/589 495/606/591
f 501/605/590 495/606/591 500/607/592
f 500/607/592 495/606/591 494/608/593
f 500/607/592 494/608/593 499/609/594
f 499/609/594 494/608/593 493/610/595
f 499/609/594 493/610/595 498/561/551
f 498/561/551 493/610/595 492/562/552
f 520/611/596 510/612/597 497/613/598
f 497/613/598 510/612/597 509/614/599
f 497/613/598 509/614/599 498/615/600
f 498/615/600 509/614/599 508/616/601
f 498/615/600 508/616/601 499/617/602
f 499/617/602 508/616/601 507/618/603
f 499/617/602 507/618/603 500/619/604
f 500/619/604 507/618/603 506/620/605
f 500/619/604 506/620/605 501/621/606
f 501/621/606 506/620/605 505/622/607
f 501/621/606 505/622/607 502/623/608
f 502/623/608 505/622/607 504/624/609
f 502/623/608 504/624/609 503/625/610
f 510/612/597 520/611/596 511/626/611
f 511/626/611 520/611/596 519/627/612
f 511/626/611 519/627/612 512/628/613
f 512/628/613 519/627/612 518/629/614
f 512/628/613 518/629/614 513/630/615
f 513/630/615 518/629/614 517/631/616
f 513/630/615 517/631/616 514/632/617
f 514/632/617 517/631/616 516/633/618
f 514/632/617 516/633/618 515/634/619
f 521/635/620 522/636/621 550/637/622
f 550/637/622 522/636/621 549/638/623
f 549/638/623 522/636/621 523/639/624
f 549/638/623 523/639/624 548/640/625
f 548/640/625 523/639/624 524/641/626
f 548/640/625 524/641/626 547/642/627
f 547/642/627 524/641/626 546/643/628
f 546/643/628 524/641/626 545/644/629
f 545/644/629 524/641/626 544/645/630
f 544/645/630 524/641/626 543/646/631
f 543/646/631 524/641/626 542/647/632
f 542/647/632 524/641/626 541/648/633
f 541/648/633 524/641/626 540/649/634
f 540/649/634 524/641/626 539/650/635
f 539/650/635 524/641/626 538/651/636
f 538/651/636 524/641/626 537/652/637
f 537/652/637 524/641/626 536/653/638
f 536/653/638 524/641/626 535/654/639
f 535/654/639 524/641/626 534/655/640
f 534/655/640 524/641/626 533/656/641
f 533/656/641 524/641/626 525/657/642
f 533/656/641 525/657/642 532/658/643
f 532/658/643 525/657/642 526/659/644
f 532/658/643 526/659/644 531/660/645
f 531/660/645 526/659/644 527/661/646
f 531/660/645 527/661/646 530/662/647
f 530/662/647 527/661/646 528/663/648
f 530/662/647 528/663/648 529/664/649
f 161/665/650 535/666/651 124/667/652
f 124/667/652 535/666/651 534/668/653
f 124/667/652 534/668/653 125/669/654
f 125/669/654 534/668/653 533/670/655
f 125/669/654 533/670/655 126/671/656
f 126/671/656 533/670/655 1/672/657
f 1/672/657 533/670/655 532/673/658
f 1/672/657 532/673/658 2/674/659
f 2/674/659 532/673/658 531/675/660
f 2/674/659 531/675/660 3/676/661
f 3/676/661 531/675/660 530/677/662
f 3/676/661 530/677/662 4/678/663
f 4/678/663 530/677/662 529/679/664
f 4/678/663 529/679/664 5/680/665
f 5/680/665 529/679/664 528/681/666
f 5/680/665 528/681/666 6/682/667
f 6/682/667 528/681/666 527/683/668
f 6/682/667 527/683/668 7/684/669
f 7/684/669 527/683/668 526/685/670
f 7/684/669 526/685/670 8/686/671
f 8/686/671 526/685/670 525/687/672
f 8/686/671 525/687/672 9/688/673
f 9/688/673 525/687/672 524/689/674
f 9/688/673 524/689/674 142/690/675
f 142/690/675 524/689/674 143/691/676
f 143/691/676 524/689/674 523/692/677
f 143/691/676 523/692/677 144/693/678
f 144/693/678 523/692/677 522/694/679
f 144/693/678 522/694/679 145/695/680
f 145/695/680 522/694/679 521/696/681
f 145/695/680 521/696/681 146/697/682
f 146/698/682 521/699/681 550/700/683
f 146/698/682 550/700/683 147/701/684
f 147/701/684 550/700/683 549/702/685
f 147/701/684 549/702/685 148/703/686
f 148/703/686 549/702/685 548/704/687
f 148/703/686 548/704/687 149/705/688
f 149/705/688 548/704/687 547/706/689
f 149/705/688 547/706/689 150/707/690
f 150/707/690 547/706/689 546/708/691
f 150/707/690 546/708/691 151/709/692
f 151/709/692 546/708/691 545/710/693
f 151/709/692 545/710/693 152/711/694
f 152/711/694 545/710/693 544/712/695
f 152/711/694 544/712/695 153/713/696
f 153/713/696 544/712/695 543/714/697
f 153/713/696 543/714/697 154/715/698
f 154/715/698 543/714/697 542/716/699
f 154/715/698 542/716/699 155/717/700
f 155/717/700 542/716/699 541/718/701
f 155/717/700 541/718/701 156/719/702
f 156/719/702 541/718/701 540/720/703
f 156/719/702 540/720/703 157/721/704
f 157/721/704 540/720/703 539/722/705
f 157/721/704 539/722/705 158/723/706
f 158/723/706 539/722/705 538/724/707
f 158/723/706 538/724/707 159/725/708
f 159/725/708 538/724/707 537/726/709
f 159/725/708 537/726/709 160/727/710
f 160/727/710 537/726/709 536/728/711
f 160/727/710 536/728/711 161/665/650
f 161/665/650 536/728/711 535/666/651
# 550 vertices
# 728 texture params
# 711 normals
# 1096 facets

# 1 groups
